,times,values
0,1648835419.968,7877
1,1648835419.97,7882
2,1648835419.972,7887
3,1648835419.974,7894
4,1648835419.976,7903
5,1648835419.978,7914
6,1648835419.98,7926
7,1648835419.982,7940
8,1648835419.984,7954
9,1648835419.986,7968
10,1648835419.988,7979
11,1648835419.99,7986
12,1648835419.992,7988
13,1648835419.994,7985
14,1648835419.996,7984
15,1648835419.998,7984
16,1648835420.0,7986
17,1648835420.002,7987
18,1648835420.004,7987
19,1648835420.006,7989
20,1648835420.008,7993
21,1648835420.01,8001
22,1648835420.012,8011
23,1648835420.014,8022
24,1648835420.016,8033
25,1648835420.018,8043
26,1648835420.02,8051
27,1648835420.022,8058
28,1648835420.024,8068
29,1648835420.026,8080
30,1648835420.028,8092
31,1648835420.03,8103
32,1648835420.032,8111
33,1648835420.034,8117
34,1648835420.036,8122
35,1648835420.038,8127
36,1648835420.04,8133
37,1648835420.042,8138
38,1648835420.044,8142
39,1648835420.046,8145
40,1648835420.048,8147
41,1648835420.05,8148
42,1648835420.052,8147
43,1648835420.054,8145
44,1648835420.056,8144
45,1648835420.058,8144
46,1648835420.06,8146
47,1648835420.062,8150
48,1648835420.064,8156
49,1648835420.066,8162
50,1648835420.068,8168
51,1648835420.07,8174
52,1648835420.072,8180
53,1648835420.074,8184
54,1648835420.076,8186
55,1648835420.078,8189
56,1648835420.08,8194
57,1648835420.082,8202
58,1648835420.084,8209
59,1648835420.086,8214
60,1648835420.088,8220
61,1648835420.09,8225
62,1648835420.092,8229
63,1648835420.094,8231
64,1648835420.096,8229
65,1648835420.098,8224
66,1648835420.1,8218
67,1648835420.102,8210
68,1648835420.104,8199
69,1648835420.106,8188
70,1648835420.108,8179
71,1648835420.11,8173
72,1648835420.112,8170
73,1648835420.114,8171
74,1648835420.116,8173
75,1648835420.118,8177
76,1648835420.12,8182
77,1648835420.122,8187
78,1648835420.124,8189
79,1648835420.126,8187
80,1648835420.128,8179
81,1648835420.13,8169
82,1648835420.132,8158
83,1648835420.134,8149
84,1648835420.136,8141
85,1648835420.138,8135
86,1648835420.14,8130
87,1648835420.142,8126
88,1648835420.144,8122
89,1648835420.146,8119
90,1648835420.148,8115
91,1648835420.15,8112
92,1648835420.152,8108
93,1648835420.154,8104
94,1648835420.156,8098
95,1648835420.158,8091
96,1648835420.16,8083
97,1648835420.162,8077
98,1648835420.164,8071
99,1648835420.166,8068
100,1648835420.168,8066
101,1648835420.17,8062
102,1648835420.172,8058
103,1648835420.174,8055
104,1648835420.176,8053
105,1648835420.178,8052
106,1648835420.18,8053
107,1648835420.182,40581
108,1648835420.184,8054
109,1648835420.186,8052
110,1648835420.188,8044
111,1648835420.19,8035
112,1648835420.192,8024
113,1648835420.194,8014
114,1648835420.196,8005
115,1648835420.198,7997
116,1648835420.2,7992
117,1648835420.202,7990
118,1648835420.204,7989
119,1648835420.206,7987
120,1648835420.208,7982
121,1648835420.21,7977
122,1648835420.212,7973
123,1648835420.214,7969
124,1648835420.216,7965
125,1648835420.218,7960
126,1648835420.22,7954
127,1648835420.222,7945
128,1648835420.224,7937
129,1648835420.226,7931
130,1648835420.228,7928
131,1648835420.23,7926
132,1648835420.232,7923
133,1648835420.234,7919
134,1648835420.236,7915
135,1648835420.238,7910
136,1648835420.24,7902
137,1648835420.242,7891
138,1648835420.244,7881
139,1648835420.246,7872
140,1648835420.248,7865
141,1648835420.25,7856
142,1648835420.252,7846
143,1648835420.254,7837
144,1648835420.256,7829
145,1648835420.258,7820
146,1648835420.26,7809
147,1648835420.262,7797
148,1648835420.264,7785
149,1648835420.266,7773
150,1648835420.268,7763
151,1648835420.27,7753
152,1648835420.272,7744
153,1648835420.274,7735
154,1648835420.276,7724
155,1648835420.278,7711
156,1648835420.28,7697
157,1648835420.282,7683
158,1648835420.284,7671
159,1648835420.286,7663
160,1648835420.288,7656
161,1648835420.29,7649
162,1648835420.292,7641
163,1648835420.294,7631
164,1648835420.296,7620
165,1648835420.298,7609
166,1648835420.3,7600
167,1648835420.302,7594
168,1648835420.304,7590
169,1648835420.306,7590
170,1648835420.308,7589
171,1648835420.31,7591
172,1648835420.312,7595
173,1648835420.314,7602
174,1648835420.316,7610
175,1648835420.318,7617
176,1648835420.32,7625
177,1648835420.322,7633
178,1648835420.324,7643
179,1648835420.326,7655
180,1648835420.328,7668
181,1648835420.33,7681
182,1648835420.332,7692
183,1648835420.334,7699
184,1648835420.336,7702
185,1648835420.338,7705
186,1648835420.34,7708
187,1648835420.342,7712
188,1648835420.344,7715
189,1648835420.346,7717
190,1648835420.348,7719
191,1648835420.35,7722
192,1648835420.352,7729
193,1648835420.354,7737
194,1648835420.356,7746
195,1648835420.358,7754
196,1648835420.36,7758
197,1648835420.362,7761
198,1648835420.364,7763
199,1648835420.366,7768
200,1648835420.368,7775
201,1648835420.37,7782
202,1648835420.372,7787
203,1648835420.374,7790
204,1648835420.376,7792
205,1648835420.378,7794
206,1648835420.38,7796
207,1648835420.382,7797
208,1648835420.384,7800
209,1648835420.386,7804
210,1648835420.388,7809
211,1648835420.39,7817
212,1648835420.392,7825
213,1648835420.394,7834
214,1648835420.396,7841
215,1648835420.398,7846
216,1648835420.4,7850
217,1648835420.402,7854
218,1648835420.404,7859
219,1648835420.406,7865
220,1648835420.408,7873
221,1648835420.41,7880
222,1648835420.412,7886
223,1648835420.414,7891
224,1648835420.416,7897
225,1648835420.418,7903
226,1648835420.42,7911
227,1648835420.422,7920
228,1648835420.424,7927
229,1648835420.426,7933
230,1648835420.428,7939
231,1648835420.43,7946
232,1648835420.432,7954
233,1648835420.434,7961
234,1648835420.436,7968
235,1648835420.438,7975
236,1648835420.44,7981
237,1648835420.442,7988
238,1648835420.444,7994
239,1648835420.446,7998
240,1648835420.448,8000
241,1648835420.45,7999
242,1648835420.452,7998
243,1648835420.454,7998
244,1648835420.456,7998
245,1648835420.458,8000
246,1648835420.46,8005
247,1648835420.462,8011
248,1648835420.464,8017
249,1648835420.466,8022
250,1648835420.468,8026
251,1648835420.47,8030
252,1648835420.472,8031
253,1648835420.474,8032
254,1648835420.476,8033
255,1648835420.478,8034
256,1648835420.48,8035
257,1648835420.482,8035
258,1648835420.484,8035
259,1648835420.486,8036
260,1648835420.488,8038
261,1648835420.49,8042
262,1648835420.492,8048
263,1648835420.494,8054
264,1648835420.496,8057
265,1648835420.498,8059
266,1648835420.5,8059
267,1648835420.502,8058
268,1648835420.504,8056
269,1648835420.506,8056
270,1648835420.508,8057
271,1648835420.51,8061
272,1648835420.512,8066
273,1648835420.514,8071
274,1648835420.516,8075
275,1648835420.518,8078
276,1648835420.52,8079
277,1648835420.522,8080
278,1648835420.524,40645
279,1648835420.526,8085
280,1648835420.528,8094
281,1648835420.53,8099
282,1648835420.532,8099
283,1648835420.534,8097
284,1648835420.536,8096
285,1648835420.538,8098
286,1648835420.54,8101
287,1648835420.542,8105
288,1648835420.544,8108
289,1648835420.546,8110
290,1648835420.548,8111
291,1648835420.55,8112
292,1648835420.552,8114
293,1648835420.554,8114
294,1648835420.556,8114
295,1648835420.558,8113
296,1648835420.56,8113
297,1648835420.562,8112
298,1648835420.564,8112
299,1648835420.566,8112
300,1648835420.568,8114
301,1648835420.57,8116
302,1648835420.572,8118
303,1648835420.574,8120
304,1648835420.576,8123
305,1648835420.578,8127
306,1648835420.58,8132
307,1648835420.582,8137
308,1648835420.584,8143
309,1648835420.586,8150
310,1648835420.588,8157
311,1648835420.59,8162
312,1648835420.592,8165
313,1648835420.594,8165
314,1648835420.596,8162
315,1648835420.598,8156
316,1648835420.6,8147
317,1648835420.602,8137
318,1648835420.604,8131
319,1648835420.606,8131
320,1648835420.608,8136
321,1648835420.61,8142
322,1648835420.612,8145
323,1648835420.614,8143
324,1648835420.616,8137
325,1648835420.618,8127
326,1648835420.62,8117
327,1648835420.622,8109
328,1648835420.624,8102
329,1648835420.626,8095
330,1648835420.628,8086
331,1648835420.63,8075
332,1648835420.632,8064
333,1648835420.634,8054
334,1648835420.636,8047
335,1648835420.638,8041
336,1648835420.64,8036
337,1648835420.642,8032
338,1648835420.644,8028
339,1648835420.646,8024
340,1648835420.648,8023
341,1648835420.65,8025
342,1648835420.652,8028
343,1648835420.654,8033
344,1648835420.656,8040
345,1648835420.658,8047
346,1648835420.66,8057
347,1648835420.662,8070
348,1648835420.664,8084
349,1648835420.666,8100
350,1648835420.668,8117
351,1648835420.67,8134
352,1648835420.672,8152
353,1648835420.674,8168
354,1648835420.676,8182
355,1648835420.678,8192
356,1648835420.68,8200
357,1648835420.682,8206
358,1648835420.684,8213
359,1648835420.686,8221
360,1648835420.688,8233
361,1648835420.69,8245
362,1648835420.692,8259
363,1648835420.694,8274
364,1648835420.696,8291
365,1648835420.698,8308
366,1648835420.7,8324
367,1648835420.702,8339
368,1648835420.704,8354
369,1648835420.706,8368
370,1648835420.708,8383
371,1648835420.71,8398
372,1648835420.712,8414
373,1648835420.714,8429
374,1648835420.716,8443
375,1648835420.718,8457
376,1648835420.72,8468
377,1648835420.722,8478
378,1648835420.724,8487
379,1648835420.726,8496
380,1648835420.728,8505
381,1648835420.73,8513
382,1648835420.732,8520
383,1648835420.734,8526
384,1648835420.736,8530
385,1648835420.738,8534
386,1648835420.74,8538
387,1648835420.742,8542
388,1648835420.744,8547
389,1648835420.746,8552
390,1648835420.748,8557
391,1648835420.75,8560
392,1648835420.752,8563
393,1648835420.754,8566
394,1648835420.756,8568
395,1648835420.758,8570
396,1648835420.76,8570
397,1648835420.762,8570
398,1648835420.764,8569
399,1648835420.766,8568
400,1648835420.768,8566
401,1648835420.77,8564
402,1648835420.772,8560
403,1648835420.774,8554
404,1648835420.776,8547
405,1648835420.778,8542
406,1648835420.78,8539
407,1648835420.782,8538
408,1648835420.784,8537
409,1648835420.786,8536
410,1648835420.788,8533
411,1648835420.79,8530
412,1648835420.792,8526
413,1648835420.794,8522
414,1648835420.796,8519
415,1648835420.798,8516
416,1648835420.8,8512
417,1648835420.802,8506
418,1648835420.804,8499
419,1648835420.806,8490
420,1648835420.808,8482
421,1648835420.81,8474
422,1648835420.812,8467
423,1648835420.814,8460
424,1648835420.816,8454
425,1648835420.818,8449
426,1648835420.82,8444
427,1648835420.822,8438
428,1648835420.824,8430
429,1648835420.826,8423
430,1648835420.828,8415
431,1648835420.83,8406
432,1648835420.832,8398
433,1648835420.834,8390
434,1648835420.836,8383
435,1648835420.838,8376
436,1648835420.84,8371
437,1648835420.842,8365
438,1648835420.844,8358
439,1648835420.846,8350
440,1648835420.848,8339
441,1648835420.85,8327
442,1648835420.852,8314
443,1648835420.854,8298
444,1648835420.856,8282
445,1648835420.858,8266
446,1648835420.86,8253
447,1648835420.862,8242
448,1648835420.864,8235
449,1648835420.866,8232
450,1648835420.868,40709
451,1648835420.87,8223
452,1648835420.872,8204
453,1648835420.874,8179
454,1648835420.876,8154
455,1648835420.878,8132
456,1648835420.88,8114
457,1648835420.882,8098
458,1648835420.884,8084
459,1648835420.886,8068
460,1648835420.888,8051
461,1648835420.89,8032
462,1648835420.892,8012
463,1648835420.894,7991
464,1648835420.896,7970
465,1648835420.898,7951
466,1648835420.9,7933
467,1648835420.902,7917
468,1648835420.904,7903
469,1648835420.906,7892
470,1648835420.908,7883
471,1648835420.91,7875
472,1648835420.912,7868
473,1648835420.914,7863
474,1648835420.916,7859
475,1648835420.918,7857
476,1648835420.92,7857
477,1648835420.922,7859
478,1648835420.924,7860
479,1648835420.926,7861
480,1648835420.928,7862
481,1648835420.93,7866
482,1648835420.932,7871
483,1648835420.934,7876
484,1648835420.936,7879
485,1648835420.938,7881
486,1648835420.94,7881
487,1648835420.942,7880
488,1648835420.944,7880
489,1648835420.946,7881
490,1648835420.948,7884
491,1648835420.95,7889
492,1648835420.952,7896
493,1648835420.954,7903
494,1648835420.956,7907
495,1648835420.958,7907
496,1648835420.96,7905
497,1648835420.962,7900
498,1648835420.964,7896
499,1648835420.966,7893
500,1648835420.968,7892
501,1648835420.97,7889
502,1648835420.972,7884
503,1648835420.974,7877
504,1648835420.976,7870
505,1648835420.978,7865
506,1648835420.98,7861
507,1648835420.982,7858
508,1648835420.984,7856
509,1648835420.986,7856
510,1648835420.988,7857
511,1648835420.99,7861
512,1648835420.992,7867
513,1648835420.994,7876
514,1648835420.996,7886
515,1648835420.998,7898
516,1648835421.0,7911
517,1648835421.002,7926
518,1648835421.004,7941
519,1648835421.006,7957
520,1648835421.008,7974
521,1648835421.01,7992
522,1648835421.012,8011
523,1648835421.014,8029
524,1648835421.016,8048
525,1648835421.018,8064
526,1648835421.02,8075
527,1648835421.022,8082
528,1648835421.024,8087
529,1648835421.026,8092
530,1648835421.028,8099
531,1648835421.03,8106
532,1648835421.032,8115
533,1648835421.034,8125
534,1648835421.036,8137
535,1648835421.038,8150
536,1648835421.04,8164
537,1648835421.042,8178
538,1648835421.044,8192
539,1648835421.046,8206
540,1648835421.048,8219
541,1648835421.05,8234
542,1648835421.052,8249
543,1648835421.054,8263
544,1648835421.056,8275
545,1648835421.058,8285
546,1648835421.06,8295
547,1648835421.062,8306
548,1648835421.064,8316
549,1648835421.066,8325
550,1648835421.068,8334
551,1648835421.07,8341
552,1648835421.072,8346
553,1648835421.074,8351
554,1648835421.076,8355
555,1648835421.078,8358
556,1648835421.08,8363
557,1648835421.082,8367
558,1648835421.084,8371
559,1648835421.086,8377
560,1648835421.088,8382
561,1648835421.09,8388
562,1648835421.092,8394
563,1648835421.094,8400
564,1648835421.096,8405
565,1648835421.098,8411
566,1648835421.1,8415
567,1648835421.102,8418
568,1648835421.104,8421
569,1648835421.106,8424
570,1648835421.108,8426
571,1648835421.11,8428
572,1648835421.112,8430
573,1648835421.114,8431
574,1648835421.116,8433
575,1648835421.118,8435
576,1648835421.12,8437
577,1648835421.122,8438
578,1648835421.124,8440
579,1648835421.126,8440
580,1648835421.128,8439
581,1648835421.13,8438
582,1648835421.132,8435
583,1648835421.134,8432
584,1648835421.136,8428
585,1648835421.138,8424
586,1648835421.14,8420
587,1648835421.142,8417
588,1648835421.144,8414
589,1648835421.146,8411
590,1648835421.148,8407
591,1648835421.15,8404
592,1648835421.152,8401
593,1648835421.154,8397
594,1648835421.156,8393
595,1648835421.158,8389
596,1648835421.16,8385
597,1648835421.162,8381
598,1648835421.164,8377
599,1648835421.166,8374
600,1648835421.168,8370
601,1648835421.17,8367
602,1648835421.172,8364
603,1648835421.174,8361
604,1648835421.176,8358
605,1648835421.178,8356
606,1648835421.18,8353
607,1648835421.182,8350
608,1648835421.184,8347
609,1648835421.186,8344
610,1648835421.188,8340
611,1648835421.19,8336
612,1648835421.192,8333
613,1648835421.194,8329
614,1648835421.196,8326
615,1648835421.198,8323
616,1648835421.2,8320
617,1648835421.202,8317
618,1648835421.204,8314
619,1648835421.206,8312
620,1648835421.208,8310
621,1648835421.21,40789
622,1648835421.212,8312
623,1648835421.214,8317
624,1648835421.216,8317
625,1648835421.218,8310
626,1648835421.22,8301
627,1648835421.222,8295
628,1648835421.224,8291
629,1648835421.226,8289
630,1648835421.228,8288
631,1648835421.23,8287
632,1648835421.232,8284
633,1648835421.234,8281
634,1648835421.236,8277
635,1648835421.238,8272
636,1648835421.24,8266
637,1648835421.242,8260
638,1648835421.244,8254
639,1648835421.246,8249
640,1648835421.248,8245
641,1648835421.25,8241
642,1648835421.252,8238
643,1648835421.254,8235
644,1648835421.256,8233
645,1648835421.258,8230
646,1648835421.26,8227
647,1648835421.262,8225
648,1648835421.264,8225
649,1648835421.266,8226
650,1648835421.268,8226
651,1648835421.27,8225
652,1648835421.272,8224
653,1648835421.274,8224
654,1648835421.276,8223
655,1648835421.278,8221
656,1648835421.28,8216
657,1648835421.282,8209
658,1648835421.284,8201
659,1648835421.286,8191
660,1648835421.288,8181
661,1648835421.29,8173
662,1648835421.292,8166
663,1648835421.294,8162
664,1648835421.296,8158
665,1648835421.298,8155
666,1648835421.3,8149
667,1648835421.302,8142
668,1648835421.304,8130
669,1648835421.306,8117
670,1648835421.308,8105
671,1648835421.31,8095
672,1648835421.312,8088
673,1648835421.314,8082
674,1648835421.316,8074
675,1648835421.318,8063
676,1648835421.32,8051
677,1648835421.322,8039
678,1648835421.324,8028
679,1648835421.326,8017
680,1648835421.328,8007
681,1648835421.33,7997
682,1648835421.332,7990
683,1648835421.334,7986
684,1648835421.336,7984
685,1648835421.338,7986
686,1648835421.34,7990
687,1648835421.342,7997
688,1648835421.344,8007
689,1648835421.346,8018
690,1648835421.348,8030
691,1648835421.35,8045
692,1648835421.352,8061
693,1648835421.354,8080
694,1648835421.356,8100
695,1648835421.358,8121
696,1648835421.36,8140
697,1648835421.362,8156
698,1648835421.364,8167
699,1648835421.366,8173
700,1648835421.368,8175
701,1648835421.37,8177
702,1648835421.372,8179
703,1648835421.374,8183
704,1648835421.376,8189
705,1648835421.378,8196
706,1648835421.38,8207
707,1648835421.382,8220
708,1648835421.384,8235
709,1648835421.386,8250
710,1648835421.388,8264
711,1648835421.39,8278
712,1648835421.392,8291
713,1648835421.394,8305
714,1648835421.396,8319
715,1648835421.398,8334
716,1648835421.4,8347
717,1648835421.402,8358
718,1648835421.404,8368
719,1648835421.406,8377
720,1648835421.408,8386
721,1648835421.41,8395
722,1648835421.412,8402
723,1648835421.414,8409
724,1648835421.416,8414
725,1648835421.418,8419
726,1648835421.42,8423
727,1648835421.422,8427
728,1648835421.424,8430
729,1648835421.426,8433
730,1648835421.428,8436
731,1648835421.43,8440
732,1648835421.432,8444
733,1648835421.434,8449
734,1648835421.436,8454
735,1648835421.438,8459
736,1648835421.44,8462
737,1648835421.442,8465
738,1648835421.444,8468
739,1648835421.446,8470
740,1648835421.448,8472
741,1648835421.45,8474
742,1648835421.452,8475
743,1648835421.454,8476
744,1648835421.456,8477
745,1648835421.458,8479
746,1648835421.46,8481
747,1648835421.462,8482
748,1648835421.464,8483
749,1648835421.466,8482
750,1648835421.468,8481
751,1648835421.47,8480
752,1648835421.472,8479
753,1648835421.474,8477
754,1648835421.476,8475
755,1648835421.478,8473
756,1648835421.48,8471
757,1648835421.482,8469
758,1648835421.484,8466
759,1648835421.486,8464
760,1648835421.488,8461
761,1648835421.49,8457
762,1648835421.492,8452
763,1648835421.494,8447
764,1648835421.496,8442
765,1648835421.498,8438
766,1648835421.5,8434
767,1648835421.502,8429
768,1648835421.504,8423
769,1648835421.506,8418
770,1648835421.508,8413
771,1648835421.51,8408
772,1648835421.512,8402
773,1648835421.514,8397
774,1648835421.516,8391
775,1648835421.518,8385
776,1648835421.52,8380
777,1648835421.522,8375
778,1648835421.524,8370
779,1648835421.526,8365
780,1648835421.528,8361
781,1648835421.53,8356
782,1648835421.532,8352
783,1648835421.534,8347
784,1648835421.536,8342
785,1648835421.538,8338
786,1648835421.54,8335
787,1648835421.542,8332
788,1648835421.544,8329
789,1648835421.546,8325
790,1648835421.548,8321
791,1648835421.55,8318
792,1648835421.552,8316
793,1648835421.554,40805
794,1648835421.556,8316
795,1648835421.558,8317
796,1648835421.56,8314
797,1648835421.562,8307
798,1648835421.564,8301
799,1648835421.566,8295
800,1648835421.568,8290
801,1648835421.57,8286
802,1648835421.572,8283
803,1648835421.574,8280
804,1648835421.576,8277
805,1648835421.578,8274
806,1648835421.58,8269
807,1648835421.582,8264
808,1648835421.584,8259
809,1648835421.586,8253
810,1648835421.588,8248
811,1648835421.59,8242
812,1648835421.592,8237
813,1648835421.594,8231
814,1648835421.596,8226
815,1648835421.598,8222
816,1648835421.6,8219
817,1648835421.602,8215
818,1648835421.604,8211
819,1648835421.606,8208
820,1648835421.608,8205
821,1648835421.61,8202
822,1648835421.612,8198
823,1648835421.614,8195
824,1648835421.616,8194
825,1648835421.618,8194
826,1648835421.62,8192
827,1648835421.622,8187
828,1648835421.624,8178
829,1648835421.626,8167
830,1648835421.628,8155
831,1648835421.63,8143
832,1648835421.632,8133
833,1648835421.634,8126
834,1648835421.636,8122
835,1648835421.638,8120
836,1648835421.64,8119
837,1648835421.642,8115
838,1648835421.644,8108
839,1648835421.646,8098
840,1648835421.648,8084
841,1648835421.65,8069
842,1648835421.652,8055
843,1648835421.654,8042
844,1648835421.656,8029
845,1648835421.658,8015
846,1648835421.66,8001
847,1648835421.662,7987
848,1648835421.664,7975
849,1648835421.666,7965
850,1648835421.668,7956
851,1648835421.67,7948
852,1648835421.672,7939
853,1648835421.674,7932
854,1648835421.676,7927
855,1648835421.678,7926
856,1648835421.68,7927
857,1648835421.682,7930
858,1648835421.684,7934
859,1648835421.686,7941
860,1648835421.688,7950
861,1648835421.69,7961
862,1648835421.692,7973
863,1648835421.694,7989
864,1648835421.696,8006
865,1648835421.698,8024
866,1648835421.7,8042
867,1648835421.702,8058
868,1648835421.704,8072
869,1648835421.706,8083
870,1648835421.708,8089
871,1648835421.71,8094
872,1648835421.712,8098
873,1648835421.714,8104
874,1648835421.716,8111
875,1648835421.718,8119
876,1648835421.72,8129
877,1648835421.722,8141
878,1648835421.724,8156
879,1648835421.726,8172
880,1648835421.728,8187
881,1648835421.73,8202
882,1648835421.732,8215
883,1648835421.734,8229
884,1648835421.736,8244
885,1648835421.738,8260
886,1648835421.74,8276
887,1648835421.742,8291
888,1648835421.744,8306
889,1648835421.746,8318
890,1648835421.748,8329
891,1648835421.75,8339
892,1648835421.752,8348
893,1648835421.754,8357
894,1648835421.756,8365
895,1648835421.758,8372
896,1648835421.76,8378
897,1648835421.762,8383
898,1648835421.764,8387
899,1648835421.766,8391
900,1648835421.768,8396
901,1648835421.77,8401
902,1648835421.772,8405
903,1648835421.774,8410
904,1648835421.776,8414
905,1648835421.778,8419
906,1648835421.78,8424
907,1648835421.782,8429
908,1648835421.784,8433
909,1648835421.786,8437
910,1648835421.788,8440
911,1648835421.79,8443
912,1648835421.792,8446
913,1648835421.794,8449
914,1648835421.796,8453
915,1648835421.798,8458
916,1648835421.8,8463
917,1648835421.802,8466
918,1648835421.804,8468
919,1648835421.806,8469
920,1648835421.808,8471
921,1648835421.81,8471
922,1648835421.812,8472
923,1648835421.814,8473
924,1648835421.816,8473
925,1648835421.818,8473
926,1648835421.82,8473
927,1648835421.822,8471
928,1648835421.824,8470
929,1648835421.826,8468
930,1648835421.828,8466
931,1648835421.83,8464
932,1648835421.832,8462
933,1648835421.834,8459
934,1648835421.836,8456
935,1648835421.838,8453
936,1648835421.84,8450
937,1648835421.842,8447
938,1648835421.844,8444
939,1648835421.846,8440
940,1648835421.848,8436
941,1648835421.85,8432
942,1648835421.852,8427
943,1648835421.854,8421
944,1648835421.856,8416
945,1648835421.858,8411
946,1648835421.86,8407
947,1648835421.862,8402
948,1648835421.864,8398
949,1648835421.866,8394
950,1648835421.868,8390
951,1648835421.87,8386
952,1648835421.872,8383
953,1648835421.874,8380
954,1648835421.876,8378
955,1648835421.878,8375
956,1648835421.88,8374
957,1648835421.882,8372
958,1648835421.884,8372
959,1648835421.886,8371
960,1648835421.888,8370
961,1648835421.89,8369
962,1648835421.892,8368
963,1648835421.894,40853
964,1648835421.896,8368
965,1648835421.898,8370
966,1648835421.9,8368
967,1648835421.902,8363
968,1648835421.904,8357
969,1648835421.906,8351
970,1648835421.908,8344
971,1648835421.91,8337
972,1648835421.912,8330
973,1648835421.914,8323
974,1648835421.916,8318
975,1648835421.918,8313
976,1648835421.92,8307
977,1648835421.922,8301
978,1648835421.924,8294
979,1648835421.926,8286
980,1648835421.928,8278
981,1648835421.93,8271
982,1648835421.932,8264
983,1648835421.934,8258
984,1648835421.936,8253
985,1648835421.938,8249
986,1648835421.94,8245
987,1648835421.942,8241
988,1648835421.944,8238
989,1648835421.946,8235
990,1648835421.948,8232
991,1648835421.95,8229
992,1648835421.952,8224
993,1648835421.954,8219
994,1648835421.956,8217
995,1648835421.958,8216
996,1648835421.96,8215
997,1648835421.962,8212
998,1648835421.964,8207
999,1648835421.966,8199
1000,1648835421.968,8189
1001,1648835421.97,8178
1002,1648835421.972,8167
1003,1648835421.974,8158
1004,1648835421.976,8153
1005,1648835421.978,8151
1006,1648835421.98,8149
1007,1648835421.982,8145
1008,1648835421.984,8138
1009,1648835421.986,8127
1010,1648835421.988,8114
1011,1648835421.99,8099
1012,1648835421.992,8086
1013,1648835421.994,8073
1014,1648835421.996,8061
1015,1648835421.998,8046
1016,1648835422.0,8031
1017,1648835422.002,8015
1018,1648835422.004,8001
1019,1648835422.006,7989
1020,1648835422.008,7979
1021,1648835422.01,7969
1022,1648835422.012,7961
1023,1648835422.014,7953
1024,1648835422.016,8192
1025,1648835422.018,8192
1026,1648835422.02,8192
1027,1648835422.022,8192
1028,1648835422.024,8192
1029,1648835422.026,8192
1030,1648835422.028,8192
1031,1648835422.03,8192
1032,1648835422.032,8192
1033,1648835422.034,8192
1034,1648835422.036,8192
1035,1648835422.038,8192
1036,1648835422.04,8192
1037,1648835422.042,8192
1038,1648835422.044,8192
1039,1648835422.046,8192
1040,1648835422.048,8192
1041,1648835422.05,8192
1042,1648835422.052,8192
1043,1648835422.054,8192
1044,1648835422.056,8192
1045,1648835422.058,8192
1046,1648835422.06,8192
1047,1648835422.062,8192
1048,1648835422.064,8192
1049,1648835422.066,8192
1050,1648835422.068,8192
1051,1648835422.07,8192
1052,1648835422.072,8192
1053,1648835422.074,8192
1054,1648835422.076,8192
1055,1648835422.078,8192
1056,1648835422.08,8192
1057,1648835422.082,8192
1058,1648835422.084,8192
1059,1648835422.086,8192
1060,1648835422.088,8192
1061,1648835422.09,8192
1062,1648835422.092,8192
1063,1648835422.094,8192
1064,1648835422.096,8192
1065,1648835422.098,8192
1066,1648835422.1,8192
1067,1648835422.102,8192
1068,1648835422.104,8192
1069,1648835422.106,8192
1070,1648835422.108,8192
1071,1648835422.11,8192
1072,1648835422.112,8192
1073,1648835422.114,8192
1074,1648835422.116,8192
1075,1648835422.118,8192
1076,1648835422.12,8192
1077,1648835422.122,8192
1078,1648835422.124,8192
1079,1648835422.126,8192
1080,1648835422.128,8192
1081,1648835422.13,8192
1082,1648835422.132,8192
1083,1648835422.134,8192
1084,1648835422.136,8192
1085,1648835422.138,8192
1086,1648835422.14,8192
1087,1648835422.142,8192
1088,1648835422.144,8192
1089,1648835422.146,8192
1090,1648835422.148,8192
1091,1648835422.15,8192
1092,1648835422.152,8192
1093,1648835422.154,8192
1094,1648835422.156,8192
1095,1648835422.158,8192
1096,1648835422.16,8192
1097,1648835422.162,8192
1098,1648835422.164,8192
1099,1648835422.166,8192
1100,1648835422.168,8192
1101,1648835422.17,8192
1102,1648835422.172,8192
1103,1648835422.174,8192
1104,1648835422.176,8192
1105,1648835422.178,8192
1106,1648835422.18,8192
1107,1648835422.182,8192
1108,1648835422.184,8192
1109,1648835422.186,8192
1110,1648835422.188,8192
1111,1648835422.19,8192
1112,1648835422.192,8192
1113,1648835422.194,8192
1114,1648835422.196,8192
1115,1648835422.198,8192
1116,1648835422.2,8192
1117,1648835422.202,8192
1118,1648835422.204,8192
1119,1648835422.206,8192
1120,1648835422.208,8192
1121,1648835422.21,8192
1122,1648835422.212,8192
1123,1648835422.214,8192
1124,1648835422.216,8192
1125,1648835422.218,8192
1126,1648835422.22,8192
1127,1648835422.222,8192
1128,1648835422.224,8192
1129,1648835422.226,8192
1130,1648835422.228,8192
1131,1648835422.23,8192
1132,1648835422.232,8192
1133,1648835422.234,8192
1134,1648835422.236,8192
1135,1648835422.238,8192
1136,1648835422.24,8192
1137,1648835422.242,8192
1138,1648835422.244,8192
1139,1648835422.246,8192
1140,1648835422.248,8192
1141,1648835422.25,8192
1142,1648835422.252,8192
1143,1648835422.254,8192
1144,1648835422.256,8192
1145,1648835422.258,8192
1146,1648835422.26,8192
1147,1648835422.262,8192
1148,1648835422.264,8192
1149,1648835422.266,8192
1150,1648835422.268,8192
1151,1648835422.27,8192
1152,1648835422.272,8192
1153,1648835422.274,8192
1154,1648835422.276,8192
1155,1648835422.278,8192
1156,1648835422.28,8192
1157,1648835422.282,8192
1158,1648835422.284,8192
1159,1648835422.286,8192
1160,1648835422.288,8192
1161,1648835422.29,8192
1162,1648835422.292,8192
1163,1648835422.294,8192
1164,1648835422.296,8192
1165,1648835422.298,8192
1166,1648835422.3,8192
1167,1648835422.302,8192
1168,1648835422.304,8192
1169,1648835422.306,8192
1170,1648835422.308,8192
1171,1648835422.31,8192
1172,1648835422.312,8192
1173,1648835422.314,8192
1174,1648835422.316,8192
1175,1648835422.318,8192
1176,1648835422.32,8192
1177,1648835422.322,8192
1178,1648835422.324,8192
1179,1648835422.326,8192
1180,1648835422.328,8192
1181,1648835422.33,8192
1182,1648835422.332,8192
1183,1648835422.334,8192
1184,1648835422.336,8192
1185,1648835422.338,8192
1186,1648835422.34,8192
1187,1648835422.342,8192
1188,1648835422.344,8192
1189,1648835422.346,8192
1190,1648835422.348,8192
1191,1648835422.35,8192
1192,1648835422.352,8192
1193,1648835422.354,8192
1194,1648835422.356,8192
1195,1648835422.358,8192
1196,1648835422.36,8192
1197,1648835422.362,8192
1198,1648835422.364,8192
1199,1648835422.366,8192
1200,1648835422.368,8192
1201,1648835422.37,8192
1202,1648835422.372,8192
1203,1648835422.374,8192
1204,1648835422.376,8192
1205,1648835422.378,8192
1206,1648835422.38,8192
1207,1648835422.382,8192
1208,1648835422.384,8192
1209,1648835422.386,8192
1210,1648835422.388,8192
1211,1648835422.39,8192
1212,1648835422.392,8192
1213,1648835422.394,8192
1214,1648835422.396,8192
1215,1648835422.398,8192
1216,1648835422.4,8192
1217,1648835422.402,8192
1218,1648835422.404,8192
1219,1648835422.406,8192
1220,1648835422.408,8192
1221,1648835422.41,8192
1222,1648835422.412,8192
1223,1648835422.414,8192
1224,1648835422.416,8192
1225,1648835422.418,8192
1226,1648835422.42,8192
1227,1648835422.422,8192
1228,1648835422.424,8192
1229,1648835422.426,8192
1230,1648835422.428,8192
1231,1648835422.43,8192
1232,1648835422.432,8192
1233,1648835422.434,8192
1234,1648835422.436,8192
1235,1648835422.438,8192
1236,1648835422.44,8192
1237,1648835422.442,8192
1238,1648835422.444,8192
1239,1648835422.446,8192
1240,1648835422.448,8192
1241,1648835422.45,8192
1242,1648835422.452,8192
1243,1648835422.454,8192
1244,1648835422.456,8192
1245,1648835422.458,8192
1246,1648835422.46,8192
1247,1648835422.462,8192
1248,1648835422.464,8192
1249,1648835422.466,8192
1250,1648835422.468,8192
1251,1648835422.47,8192
1252,1648835422.472,8192
1253,1648835422.474,8192
1254,1648835422.476,8192
1255,1648835422.478,8192
1256,1648835422.48,8192
1257,1648835422.482,8192
1258,1648835422.484,8192
1259,1648835422.486,8192
1260,1648835422.488,8192
1261,1648835422.49,8192
1262,1648835422.492,8192
1263,1648835422.494,8192
1264,1648835422.496,8192
1265,1648835422.498,8192
1266,1648835422.5,8192
1267,1648835422.502,8192
1268,1648835422.504,8192
1269,1648835422.506,8192
1270,1648835422.508,8192
1271,1648835422.51,8192
1272,1648835422.512,8192
1273,1648835422.514,8192
1274,1648835422.516,8192
1275,1648835422.518,8192
1276,1648835422.52,8192
1277,1648835422.522,8192
1278,1648835422.524,8192
1279,1648835422.526,8192
1280,1648835422.528,8192
1281,1648835422.53,8192
1282,1648835422.532,8192
1283,1648835422.534,8192
1284,1648835422.536,8192
1285,1648835422.538,8192
1286,1648835422.54,8192
1287,1648835422.542,8192
1288,1648835422.544,8192
1289,1648835422.546,8192
1290,1648835422.548,8192
1291,1648835422.55,8192
1292,1648835422.552,8192
1293,1648835422.554,8192
1294,1648835422.556,8192
1295,1648835422.558,8192
1296,1648835422.56,8192
1297,1648835422.562,8192
1298,1648835422.564,8192
1299,1648835422.566,8192
1300,1648835422.568,8192
1301,1648835422.57,8192
1302,1648835422.572,8192
1303,1648835422.574,8192
1304,1648835422.576,8192
1305,1648835422.578,8192
1306,1648835422.58,8192
1307,1648835422.582,8192
1308,1648835422.584,8192
1309,1648835422.586,8192
1310,1648835422.588,8192
1311,1648835422.59,8192
1312,1648835422.592,8192
1313,1648835422.594,8192
1314,1648835422.596,8192
1315,1648835422.598,8192
1316,1648835422.6,8192
1317,1648835422.602,8192
1318,1648835422.604,8192
1319,1648835422.606,8192
1320,1648835422.608,8192
1321,1648835422.61,8192
1322,1648835422.612,8192
1323,1648835422.614,8192
1324,1648835422.616,8192
1325,1648835422.618,8192
1326,1648835422.62,8192
1327,1648835422.622,8192
1328,1648835422.624,8192
1329,1648835422.626,8192
1330,1648835422.628,8192
1331,1648835422.63,8192
1332,1648835422.632,8192
1333,1648835422.634,8192
1334,1648835422.636,8192
1335,1648835422.638,8192
1336,1648835422.64,8192
1337,1648835422.642,8192
1338,1648835422.644,8192
1339,1648835422.646,8192
1340,1648835422.648,8192
1341,1648835422.65,8192
1342,1648835422.652,8192
1343,1648835422.654,8192
1344,1648835422.656,8192
1345,1648835422.658,8192
1346,1648835422.66,8192
1347,1648835422.662,8192
1348,1648835422.664,8192
1349,1648835422.666,8192
1350,1648835422.668,8192
1351,1648835422.67,8192
1352,1648835422.672,8192
1353,1648835422.674,8192
1354,1648835422.676,8192
1355,1648835422.678,8192
1356,1648835422.68,8192
1357,1648835422.682,8192
1358,1648835422.684,8192
1359,1648835422.686,8192
1360,1648835422.688,8192
1361,1648835422.69,8192
1362,1648835422.692,8192
1363,1648835422.694,8192
1364,1648835422.696,8192
1365,1648835422.698,8192
1366,1648835422.7,8192
1367,1648835422.702,8192
1368,1648835422.704,8192
1369,1648835422.706,8192
1370,1648835422.708,8192
1371,1648835422.71,8192
1372,1648835422.712,8192
1373,1648835422.714,8192
1374,1648835422.716,8192
1375,1648835422.718,8192
1376,1648835422.72,8192
1377,1648835422.722,8192
1378,1648835422.724,8192
1379,1648835422.726,8192
1380,1648835422.728,8192
1381,1648835422.73,8192
1382,1648835422.732,8192
1383,1648835422.734,8192
1384,1648835422.736,8192
1385,1648835422.738,8192
1386,1648835422.74,8192
1387,1648835422.742,8192
1388,1648835422.744,8192
1389,1648835422.746,8192
1390,1648835422.748,8192
1391,1648835422.75,8192
1392,1648835422.752,8192
1393,1648835422.754,8192
1394,1648835422.756,8192
1395,1648835422.758,8192
1396,1648835422.76,8192
1397,1648835422.762,8192
1398,1648835422.764,8192
1399,1648835422.766,8192
1400,1648835422.768,8192
1401,1648835422.77,8192
1402,1648835422.772,8192
1403,1648835422.774,8192
1404,1648835422.776,8192
1405,1648835422.778,8192
1406,1648835422.78,8192
1407,1648835422.782,8192
1408,1648835422.784,8192
1409,1648835422.786,8192
1410,1648835422.788,8192
1411,1648835422.79,8192
1412,1648835422.792,8192
1413,1648835422.794,8192
1414,1648835422.796,8192
1415,1648835422.798,8192
1416,1648835422.8,8192
1417,1648835422.802,8192
1418,1648835422.804,8192
1419,1648835422.806,8192
1420,1648835422.808,8192
1421,1648835422.81,8192
1422,1648835422.812,8192
1423,1648835422.814,8192
1424,1648835422.816,8192
1425,1648835422.818,8192
1426,1648835422.82,8192
1427,1648835422.822,8192
1428,1648835422.824,8192
1429,1648835422.826,8192
1430,1648835422.828,8192
1431,1648835422.83,8192
1432,1648835422.832,8192
1433,1648835422.834,8192
1434,1648835422.836,8192
1435,1648835422.838,8192
1436,1648835422.84,8192
1437,1648835422.842,8192
1438,1648835422.844,8192
1439,1648835422.846,8192
1440,1648835422.848,8192
1441,1648835422.85,8192
1442,1648835422.852,8192
1443,1648835422.854,8192
1444,1648835422.856,8192
1445,1648835422.858,8192
1446,1648835422.86,8192
1447,1648835422.862,8192
1448,1648835422.864,8192
1449,1648835422.866,8192
1450,1648835422.868,8192
1451,1648835422.87,8192
1452,1648835422.872,8192
1453,1648835422.874,8192
1454,1648835422.876,8192
1455,1648835422.878,8192
1456,1648835422.88,8192
1457,1648835422.882,8192
1458,1648835422.884,8192
1459,1648835422.886,8192
1460,1648835422.888,8192
1461,1648835422.89,8192
1462,1648835422.892,8192
1463,1648835422.894,8192
1464,1648835422.896,8192
1465,1648835422.898,8192
1466,1648835422.9,8192
1467,1648835422.902,8192
1468,1648835422.904,8192
1469,1648835422.906,8192
1470,1648835422.908,8192
1471,1648835422.91,8192
1472,1648835422.912,8192
1473,1648835422.914,8192
1474,1648835422.916,8192
1475,1648835422.918,8192
1476,1648835422.92,8192
1477,1648835422.922,8192
1478,1648835422.924,8192
1479,1648835422.926,8192
1480,1648835422.928,8192
1481,1648835422.93,8192
1482,1648835422.932,8192
1483,1648835422.934,8192
1484,1648835422.936,8192
1485,1648835422.938,8192
1486,1648835422.94,8192
1487,1648835422.942,8192
1488,1648835422.944,8192
1489,1648835422.946,8192
1490,1648835422.948,8192
1491,1648835422.95,8192
1492,1648835422.952,8192
1493,1648835422.954,8192
1494,1648835422.956,8192
1495,1648835422.958,8192
1496,1648835422.96,8192
1497,1648835422.962,8192
1498,1648835422.964,8192
1499,1648835422.966,8192
1500,1648835422.968,8192
1501,1648835422.97,8192
1502,1648835422.972,8192
1503,1648835422.974,8192
1504,1648835422.976,8192
1505,1648835422.978,8192
1506,1648835422.98,8192
1507,1648835422.982,8192
1508,1648835422.984,8192
1509,1648835422.986,8192
1510,1648835422.988,8192
1511,1648835422.99,8192
1512,1648835422.992,8192
1513,1648835422.994,8192
1514,1648835422.996,8192
1515,1648835422.998,8192
1516,1648835423.0,8192
1517,1648835423.002,8192
1518,1648835423.004,8192
1519,1648835423.006,8192
1520,1648835423.008,8192
1521,1648835423.01,8192
1522,1648835423.012,8192
1523,1648835423.014,8192
1524,1648835423.016,8192
1525,1648835423.018,8192
1526,1648835423.02,8192
1527,1648835423.022,8192
1528,1648835423.024,8192
1529,1648835423.026,8192
1530,1648835423.028,8192
1531,1648835423.03,8192
1532,1648835423.032,8192
1533,1648835423.034,8192
1534,1648835423.036,8192
1535,1648835423.038,8192
1536,1648835423.04,8192
1537,1648835423.042,8192
1538,1648835423.044,8192
1539,1648835423.046,8192
1540,1648835423.048,8192
1541,1648835423.05,8192
1542,1648835423.052,8192
1543,1648835423.054,8192
1544,1648835423.056,8192
1545,1648835423.058,8192
1546,1648835423.06,8192
1547,1648835423.062,8192
1548,1648835423.064,8192
1549,1648835423.066,8192
1550,1648835423.068,8192
1551,1648835423.07,8192
1552,1648835423.072,8192
1553,1648835423.074,8192
1554,1648835423.076,8192
1555,1648835423.078,8192
1556,1648835423.08,8192
1557,1648835423.082,8192
1558,1648835423.084,8192
1559,1648835423.086,8192
1560,1648835423.088,8192
1561,1648835423.09,8192
1562,1648835423.092,8192
1563,1648835423.094,8192
1564,1648835423.096,8192
1565,1648835423.098,8192
1566,1648835423.1,8192
1567,1648835423.102,8192
1568,1648835423.104,8192
1569,1648835423.106,8192
1570,1648835423.108,8192
1571,1648835423.11,8192
1572,1648835423.112,8192
1573,1648835423.114,8192
1574,1648835423.116,8192
1575,1648835423.118,8192
1576,1648835423.12,8192
1577,1648835423.122,8192
1578,1648835423.124,8192
1579,1648835423.126,8192
1580,1648835423.128,8192
1581,1648835423.13,8192
1582,1648835423.132,8192
1583,1648835423.134,8192
1584,1648835423.136,8192
1585,1648835423.138,8192
1586,1648835423.14,8192
1587,1648835423.142,8192
1588,1648835423.144,8192
1589,1648835423.146,8192
1590,1648835423.148,8192
1591,1648835423.15,8192
1592,1648835423.152,8192
1593,1648835423.154,8192
1594,1648835423.156,8192
1595,1648835423.158,8192
1596,1648835423.16,8192
1597,1648835423.162,8192
1598,1648835423.164,8192
1599,1648835423.166,8192
1600,1648835423.168,8192
1601,1648835423.17,8192
1602,1648835423.172,8192
1603,1648835423.174,8192
1604,1648835423.176,8192
1605,1648835423.178,8192
1606,1648835423.18,8192
1607,1648835423.182,8192
1608,1648835423.184,8192
1609,1648835423.186,8192
1610,1648835423.188,8192
1611,1648835423.19,8192
1612,1648835423.192,8192
1613,1648835423.194,8192
1614,1648835423.196,8192
1615,1648835423.198,8192
1616,1648835423.2,8192
1617,1648835423.202,8192
1618,1648835423.204,8192
1619,1648835423.206,8192
1620,1648835423.208,8192
1621,1648835423.21,8192
1622,1648835423.212,8192
1623,1648835423.214,8192
1624,1648835423.216,8192
1625,1648835423.218,8192
1626,1648835423.22,8192
1627,1648835423.222,8192
1628,1648835423.224,8192
1629,1648835423.226,8192
1630,1648835423.228,8192
1631,1648835423.23,8192
1632,1648835423.232,8192
1633,1648835423.234,8192
1634,1648835423.236,8192
1635,1648835423.238,8192
1636,1648835423.24,8192
1637,1648835423.242,8192
1638,1648835423.244,8192
1639,1648835423.246,8192
1640,1648835423.248,8192
1641,1648835423.25,8192
1642,1648835423.252,8192
1643,1648835423.254,8192
1644,1648835423.256,8192
1645,1648835423.258,8192
1646,1648835423.26,8192
1647,1648835423.262,8192
1648,1648835423.264,8192
1649,1648835423.266,8192
1650,1648835423.268,8192
1651,1648835423.27,8192
1652,1648835423.272,8192
1653,1648835423.274,8192
1654,1648835423.276,8192
1655,1648835423.278,8192
1656,1648835423.28,8192
1657,1648835423.282,8192
1658,1648835423.284,8192
1659,1648835423.286,8192
1660,1648835423.288,8192
1661,1648835423.29,8192
1662,1648835423.292,8192
1663,1648835423.294,8192
1664,1648835423.296,8192
1665,1648835423.298,8192
1666,1648835423.3,8192
1667,1648835423.302,8192
1668,1648835423.304,8192
1669,1648835423.306,8192
1670,1648835423.308,8192
1671,1648835423.31,8192
1672,1648835423.312,8192
1673,1648835423.314,8192
1674,1648835423.316,8192
1675,1648835423.318,8192
1676,1648835423.32,8192
1677,1648835423.322,8192
1678,1648835423.324,8192
1679,1648835423.326,8192
1680,1648835423.328,8192
1681,1648835423.33,8192
1682,1648835423.332,8192
1683,1648835423.334,8192
1684,1648835423.336,8192
1685,1648835423.338,8192
1686,1648835423.34,8192
1687,1648835423.342,8192
1688,1648835423.344,8192
1689,1648835423.346,8192
1690,1648835423.348,8192
1691,1648835423.35,8192
1692,1648835423.352,8192
1693,1648835423.354,8192
1694,1648835423.356,8192
1695,1648835423.358,8192
1696,1648835423.36,8192
1697,1648835423.362,8192
1698,1648835423.364,8192
1699,1648835423.366,8192
1700,1648835423.368,8192
1701,1648835423.37,8192
1702,1648835423.372,8192
1703,1648835423.374,8192
1704,1648835423.376,8192
1705,1648835423.378,8192
1706,1648835423.38,8192
1707,1648835423.382,8192
1708,1648835423.384,8192
1709,1648835423.386,8192
1710,1648835423.388,8192
1711,1648835423.39,8192
1712,1648835423.392,8192
1713,1648835423.394,8192
1714,1648835423.396,8192
1715,1648835423.398,8192
1716,1648835423.4,8192
1717,1648835423.402,8192
1718,1648835423.404,8192
1719,1648835423.406,8192
1720,1648835423.408,8192
1721,1648835423.41,8192
1722,1648835423.412,8192
1723,1648835423.414,8192
1724,1648835423.416,8192
1725,1648835423.418,8192
1726,1648835423.42,8192
1727,1648835423.422,8192
1728,1648835423.424,8192
1729,1648835423.426,8192
1730,1648835423.428,8192
1731,1648835423.43,8192
1732,1648835423.432,8192
1733,1648835423.434,8192
1734,1648835423.436,8192
1735,1648835423.438,8192
1736,1648835423.44,8192
1737,1648835423.442,8192
1738,1648835423.444,8192
1739,1648835423.446,8192
1740,1648835423.448,8192
1741,1648835423.45,8192
1742,1648835423.452,8192
1743,1648835423.454,8192
1744,1648835423.456,8192
1745,1648835423.458,8192
1746,1648835423.46,8192
1747,1648835423.462,8192
1748,1648835423.464,8192
1749,1648835423.466,8192
1750,1648835423.468,8192
1751,1648835423.47,8192
1752,1648835423.472,8192
1753,1648835423.474,8192
1754,1648835423.476,8192
1755,1648835423.478,8192
1756,1648835423.48,8192
1757,1648835423.482,8192
1758,1648835423.484,8192
1759,1648835423.486,8192
1760,1648835423.488,8192
1761,1648835423.49,8192
1762,1648835423.492,8192
1763,1648835423.494,8192
1764,1648835423.496,8192
1765,1648835423.498,8192
1766,1648835423.5,8192
1767,1648835423.502,8192
1768,1648835423.504,8192
1769,1648835423.506,8192
1770,1648835423.508,8192
1771,1648835423.51,8192
1772,1648835423.512,8192
1773,1648835423.514,8192
1774,1648835423.516,8192
1775,1648835423.518,8192
1776,1648835423.52,8192
1777,1648835423.522,8192
1778,1648835423.524,8192
1779,1648835423.526,8192
1780,1648835423.528,8192
1781,1648835423.53,8192
1782,1648835423.532,8192
1783,1648835423.534,8192
1784,1648835423.536,8192
1785,1648835423.538,8192
1786,1648835423.54,8192
1787,1648835423.542,8192
1788,1648835423.544,8192
1789,1648835423.546,8192
1790,1648835423.548,8192
1791,1648835423.55,8192
1792,1648835423.552,8192
1793,1648835423.554,8192
1794,1648835423.556,8192
1795,1648835423.558,8192
1796,1648835423.56,8192
1797,1648835423.562,8192
1798,1648835423.564,8192
1799,1648835423.566,8192
1800,1648835423.568,8192
1801,1648835423.57,8192
1802,1648835423.572,8192
1803,1648835423.574,8192
1804,1648835423.576,8192
1805,1648835423.578,8192
1806,1648835423.58,8192
1807,1648835423.582,8192
1808,1648835423.584,8192
1809,1648835423.586,8192
1810,1648835423.588,8192
1811,1648835423.59,8192
1812,1648835423.592,8192
1813,1648835423.594,8192
1814,1648835423.596,8192
1815,1648835423.598,8192
1816,1648835423.6,8192
1817,1648835423.602,8192
1818,1648835423.604,8192
1819,1648835423.606,8192
1820,1648835423.608,8192
1821,1648835423.61,8192
1822,1648835423.612,8192
1823,1648835423.614,8192
1824,1648835423.616,8192
1825,1648835423.618,8192
1826,1648835423.62,8192
1827,1648835423.622,8192
1828,1648835423.624,8192
1829,1648835423.626,8192
1830,1648835423.628,8192
1831,1648835423.63,8192
1832,1648835423.632,8192
1833,1648835423.634,8192
1834,1648835423.636,8192
1835,1648835423.638,8192
1836,1648835423.64,8192
1837,1648835423.642,8192
1838,1648835423.644,8192
1839,1648835423.646,8192
1840,1648835423.648,8192
1841,1648835423.65,8192
1842,1648835423.652,8192
1843,1648835423.654,8192
1844,1648835423.656,8192
1845,1648835423.658,8192
1846,1648835423.66,8192
1847,1648835423.662,8192
1848,1648835423.664,8192
1849,1648835423.666,8192
1850,1648835423.668,8192
1851,1648835423.67,8192
1852,1648835423.672,8192
1853,1648835423.674,8192
1854,1648835423.676,8192
1855,1648835423.678,8192
1856,1648835423.68,8192
1857,1648835423.682,8192
1858,1648835423.684,8192
1859,1648835423.686,8192
1860,1648835423.688,8192
1861,1648835423.69,8192
1862,1648835423.692,8192
1863,1648835423.694,8192
1864,1648835423.696,8192
1865,1648835423.698,8192
1866,1648835423.7,8192
1867,1648835423.702,8192
1868,1648835423.704,8192
1869,1648835423.706,8192
1870,1648835423.708,8192
1871,1648835423.71,8192
1872,1648835423.712,8192
1873,1648835423.714,8192
1874,1648835423.716,8192
1875,1648835423.718,8192
1876,1648835423.72,8192
1877,1648835423.722,8192
1878,1648835423.724,8192
1879,1648835423.726,8192
1880,1648835423.728,8192
1881,1648835423.73,8192
1882,1648835423.732,8192
1883,1648835423.734,8192
1884,1648835423.736,8192
1885,1648835423.738,8192
1886,1648835423.74,8192
1887,1648835423.742,8192
1888,1648835423.744,8192
1889,1648835423.746,8192
1890,1648835423.748,8192
1891,1648835423.75,8192
1892,1648835423.752,8192
1893,1648835423.754,8192
1894,1648835423.756,8192
1895,1648835423.758,8192
1896,1648835423.76,8192
1897,1648835423.762,8192
1898,1648835423.764,8192
1899,1648835423.766,8192
1900,1648835423.768,8192
1901,1648835423.77,8192
1902,1648835423.772,8192
1903,1648835423.774,8192
1904,1648835423.776,8192
1905,1648835423.778,8192
1906,1648835423.78,8192
1907,1648835423.782,8192
1908,1648835423.784,8192
1909,1648835423.786,8192
1910,1648835423.788,8192
1911,1648835423.79,8192
1912,1648835423.792,8192
1913,1648835423.794,8192
1914,1648835423.796,8192
1915,1648835423.798,8192
1916,1648835423.8,8192
1917,1648835423.802,8192
1918,1648835423.804,8192
1919,1648835423.806,8192
1920,1648835423.808,8192
1921,1648835423.81,8192
1922,1648835423.812,8192
1923,1648835423.814,8192
1924,1648835423.816,8192
1925,1648835423.818,8192
1926,1648835423.82,8192
1927,1648835423.822,8192
1928,1648835423.824,8192
1929,1648835423.826,8192
1930,1648835423.828,8192
1931,1648835423.83,8192
1932,1648835423.832,8192
1933,1648835423.834,8192
1934,1648835423.836,8192
1935,1648835423.838,8192
1936,1648835423.84,8192
1937,1648835423.842,8192
1938,1648835423.844,8192
1939,1648835423.846,8192
1940,1648835423.848,8192
1941,1648835423.85,8192
1942,1648835423.852,8192
1943,1648835423.854,8192
1944,1648835423.856,8192
1945,1648835423.858,8192
1946,1648835423.86,8192
1947,1648835423.862,8192
1948,1648835423.864,8192
1949,1648835423.866,8192
1950,1648835423.868,8192
1951,1648835423.87,8192
1952,1648835423.872,8192
1953,1648835423.874,8192
1954,1648835423.876,8192
1955,1648835423.878,8192
1956,1648835423.88,8192
1957,1648835423.882,8192
1958,1648835423.884,8192
1959,1648835423.886,8192
1960,1648835423.888,8192
1961,1648835423.89,8192
1962,1648835423.892,8192
1963,1648835423.894,8192
1964,1648835423.896,8192
1965,1648835423.898,8192
1966,1648835423.9,8192
1967,1648835423.902,8192
1968,1648835423.904,8192
1969,1648835423.906,8192
1970,1648835423.908,8192
1971,1648835423.91,8192
1972,1648835423.912,8192
1973,1648835423.914,8192
1974,1648835423.916,8192
1975,1648835423.918,8192
1976,1648835423.92,8192
1977,1648835423.922,8192
1978,1648835423.924,8192
1979,1648835423.926,8192
1980,1648835423.928,8192
1981,1648835423.93,8192
1982,1648835423.932,8192
1983,1648835423.934,8192
1984,1648835423.936,8192
1985,1648835423.938,8192
1986,1648835423.94,8192
1987,1648835423.942,8192
1988,1648835423.944,8192
1989,1648835423.946,8192
1990,1648835423.948,8192
1991,1648835423.95,8192
1992,1648835423.952,8192
1993,1648835423.954,8192
1994,1648835423.956,8192
1995,1648835423.958,8192
1996,1648835423.96,8192
1997,1648835423.962,8192
1998,1648835423.964,8192
1999,1648835423.966,8192
2000,1648835423.968,8192
2001,1648835423.97,8192
2002,1648835423.972,8192
2003,1648835423.974,8192
2004,1648835423.976,8192
2005,1648835423.978,8192
2006,1648835423.98,8192
2007,1648835423.982,8192
2008,1648835423.984,8192
2009,1648835423.986,8192
2010,1648835423.988,8192
2011,1648835423.99,8192
2012,1648835423.992,8192
2013,1648835423.994,8192
2014,1648835423.996,8192
2015,1648835423.998,8192
2016,1648835424.0,8192
2017,1648835424.002,8192
2018,1648835424.004,8192
2019,1648835424.006,8192
2020,1648835424.008,8192
2021,1648835424.01,8192
2022,1648835424.012,8192
2023,1648835424.014,8192
2024,1648835424.016,8192
2025,1648835424.018,8192
2026,1648835424.02,8192
2027,1648835424.022,8192
2028,1648835424.024,8192
2029,1648835424.026,8192
2030,1648835424.028,8192
2031,1648835424.03,8192
2032,1648835424.032,8192
2033,1648835424.034,8192
2034,1648835424.036,8192
2035,1648835424.038,8192
2036,1648835424.04,8192
2037,1648835424.042,8192
2038,1648835424.044,8192
2039,1648835424.046,8192
2040,1648835424.048,8192
2041,1648835424.05,8192
2042,1648835424.052,8192
2043,1648835424.054,8192
2044,1648835424.056,8192
2045,1648835424.058,8192
2046,1648835424.06,8192
2047,1648835424.062,8192
2048,1648835424.064,8192
2049,1648835424.066,8192
2050,1648835424.068,8192
2051,1648835424.07,8192
2052,1648835424.072,8192
2053,1648835424.074,8192
2054,1648835424.076,8192
2055,1648835424.078,8192
2056,1648835424.08,8192
2057,1648835424.082,8192
2058,1648835424.084,8192
2059,1648835424.086,8192
2060,1648835424.088,8192
2061,1648835424.09,8192
2062,1648835424.092,8192
2063,1648835424.094,8192
2064,1648835424.096,8192
2065,1648835424.098,8192
2066,1648835424.1,8192
2067,1648835424.102,8192
2068,1648835424.104,8192
2069,1648835424.106,8192
2070,1648835424.108,8192
2071,1648835424.11,8192
2072,1648835424.112,8192
2073,1648835424.114,8192
2074,1648835424.116,8192
2075,1648835424.118,8192
2076,1648835424.12,8192
2077,1648835424.122,8192
2078,1648835424.124,8192
2079,1648835424.126,8192
2080,1648835424.128,8192
2081,1648835424.13,8192
2082,1648835424.132,8192
2083,1648835424.134,8192
2084,1648835424.136,8192
2085,1648835424.138,8192
2086,1648835424.14,8192
2087,1648835424.142,8192
2088,1648835424.144,8192
2089,1648835424.146,8192
2090,1648835424.148,8192
2091,1648835424.15,8192
2092,1648835424.152,8192
2093,1648835424.154,8192
2094,1648835424.156,8192
2095,1648835424.158,8192
2096,1648835424.16,8192
2097,1648835424.162,8192
2098,1648835424.164,8192
2099,1648835424.166,8192
2100,1648835424.168,8192
2101,1648835424.17,8192
2102,1648835424.172,8192
2103,1648835424.174,8192
2104,1648835424.176,8192
2105,1648835424.178,8192
2106,1648835424.18,8192
2107,1648835424.182,8192
2108,1648835424.184,8192
2109,1648835424.186,8192
2110,1648835424.188,8192
2111,1648835424.19,8192
2112,1648835424.192,8192
2113,1648835424.194,8192
2114,1648835424.196,8192
2115,1648835424.198,8192
2116,1648835424.2,8192
2117,1648835424.202,8192
2118,1648835424.204,8192
2119,1648835424.206,8192
2120,1648835424.208,8192
2121,1648835424.21,8192
2122,1648835424.212,8192
2123,1648835424.214,8192
2124,1648835424.216,8192
2125,1648835424.218,8192
2126,1648835424.22,8192
2127,1648835424.222,8192
2128,1648835424.224,8192
2129,1648835424.226,8192
2130,1648835424.228,8192
2131,1648835424.23,8192
2132,1648835424.232,8192
2133,1648835424.234,8192
2134,1648835424.236,8192
2135,1648835424.238,8192
2136,1648835424.24,8192
2137,1648835424.242,8192
2138,1648835424.244,8192
2139,1648835424.246,8192
2140,1648835424.248,8192
2141,1648835424.25,8192
2142,1648835424.252,8192
2143,1648835424.254,8192
2144,1648835424.256,8192
2145,1648835424.258,8192
2146,1648835424.26,8192
2147,1648835424.262,8192
2148,1648835424.264,8192
2149,1648835424.266,8192
2150,1648835424.268,8192
2151,1648835424.27,8192
2152,1648835424.272,8192
2153,1648835424.274,8192
2154,1648835424.276,8192
2155,1648835424.278,8192
2156,1648835424.28,8192
2157,1648835424.282,8192
2158,1648835424.284,8192
2159,1648835424.286,8192
2160,1648835424.288,8192
2161,1648835424.29,8192
2162,1648835424.292,8192
2163,1648835424.294,8192
2164,1648835424.296,8192
2165,1648835424.298,8192
2166,1648835424.3,8192
2167,1648835424.302,8192
2168,1648835424.304,8192
2169,1648835424.306,8192
2170,1648835424.308,8192
2171,1648835424.31,8192
2172,1648835424.312,8192
2173,1648835424.314,8192
2174,1648835424.316,8192
2175,1648835424.318,8192
2176,1648835424.32,8192
2177,1648835424.322,8192
2178,1648835424.324,8192
2179,1648835424.326,8192
2180,1648835424.328,8192
2181,1648835424.33,8192
2182,1648835424.332,8192
2183,1648835424.334,8192
2184,1648835424.336,8192
2185,1648835424.338,8192
2186,1648835424.34,8192
2187,1648835424.342,8192
2188,1648835424.344,8192
2189,1648835424.346,8192
2190,1648835424.348,8192
2191,1648835424.35,8192
2192,1648835424.352,8192
2193,1648835424.354,8192
2194,1648835424.356,8192
2195,1648835424.358,8192
2196,1648835424.36,8192
2197,1648835424.362,8192
2198,1648835424.364,8192
2199,1648835424.366,8192
2200,1648835424.368,8192
2201,1648835424.37,8192
2202,1648835424.372,8192
2203,1648835424.374,8192
2204,1648835424.376,8192
2205,1648835424.378,8192
2206,1648835424.38,8192
2207,1648835424.382,8192
2208,1648835424.384,8192
2209,1648835424.386,8192
2210,1648835424.388,8192
2211,1648835424.39,8192
2212,1648835424.392,8192
2213,1648835424.394,8192
2214,1648835424.396,8192
2215,1648835424.398,8192
2216,1648835424.4,8192
2217,1648835424.402,8192
2218,1648835424.404,8192
2219,1648835424.406,8192
2220,1648835424.408,8192
2221,1648835424.41,8192
2222,1648835424.412,8192
2223,1648835424.414,8192
2224,1648835424.416,8192
2225,1648835424.418,8192
2226,1648835424.42,8192
2227,1648835424.422,8192
2228,1648835424.424,8192
2229,1648835424.426,8192
2230,1648835424.428,8192
2231,1648835424.43,8192
2232,1648835424.432,8192
2233,1648835424.434,8192
2234,1648835424.436,8192
2235,1648835424.438,8192
2236,1648835424.44,8192
2237,1648835424.442,8192
2238,1648835424.444,8192
2239,1648835424.446,8192
2240,1648835424.448,8192
2241,1648835424.45,8192
2242,1648835424.452,8192
2243,1648835424.454,8192
2244,1648835424.456,8192
2245,1648835424.458,8192
2246,1648835424.46,8192
2247,1648835424.462,8192
2248,1648835424.464,8192
2249,1648835424.466,8192
2250,1648835424.468,8192
2251,1648835424.47,8192
2252,1648835424.472,8192
2253,1648835424.474,8192
2254,1648835424.476,8192
2255,1648835424.478,8192
2256,1648835424.48,8192
2257,1648835424.482,8192
2258,1648835424.484,8192
2259,1648835424.486,8192
2260,1648835424.488,8192
2261,1648835424.49,8192
2262,1648835424.492,8192
2263,1648835424.494,8192
2264,1648835424.496,8192
2265,1648835424.498,8192
2266,1648835424.5,8192
2267,1648835424.502,8192
2268,1648835424.504,8192
2269,1648835424.506,8192
2270,1648835424.508,8192
2271,1648835424.51,8192
2272,1648835424.512,8192
2273,1648835424.514,8192
2274,1648835424.516,8192
2275,1648835424.518,8192
2276,1648835424.52,8192
2277,1648835424.522,8192
2278,1648835424.524,8192
2279,1648835424.526,8192
2280,1648835424.528,8192
2281,1648835424.53,8192
2282,1648835424.532,8192
2283,1648835424.534,8192
2284,1648835424.536,8192
2285,1648835424.538,8192
2286,1648835424.54,8192
2287,1648835424.542,8192
2288,1648835424.544,8192
2289,1648835424.546,8192
2290,1648835424.548,8192
2291,1648835424.55,8192
2292,1648835424.552,8192
2293,1648835424.554,8192
2294,1648835424.556,8192
2295,1648835424.558,8192
2296,1648835424.56,8192
2297,1648835424.562,8192
2298,1648835424.564,8192
2299,1648835424.566,8192
2300,1648835424.568,8192
2301,1648835424.57,8192
2302,1648835424.572,8192
2303,1648835424.574,8192
2304,1648835424.576,8192
2305,1648835424.578,8192
2306,1648835424.58,8192
2307,1648835424.582,8192
2308,1648835424.584,8192
2309,1648835424.586,8192
2310,1648835424.588,8192
2311,1648835424.59,8192
2312,1648835424.592,8192
2313,1648835424.594,8192
2314,1648835424.596,8192
2315,1648835424.598,8192
2316,1648835424.6,8192
2317,1648835424.602,8192
2318,1648835424.604,8192
2319,1648835424.606,8192
2320,1648835424.608,8192
2321,1648835424.61,8192
2322,1648835424.612,8192
2323,1648835424.614,8192
2324,1648835424.616,8192
2325,1648835424.618,8192
2326,1648835424.62,8192
2327,1648835424.622,8192
2328,1648835424.624,8192
2329,1648835424.626,8192
2330,1648835424.628,8192
2331,1648835424.63,8192
2332,1648835424.632,8192
2333,1648835424.634,8192
2334,1648835424.636,8192
2335,1648835424.638,8192
2336,1648835424.64,8192
2337,1648835424.642,8192
2338,1648835424.644,8192
2339,1648835424.646,8192
2340,1648835424.648,8192
2341,1648835424.65,8192
2342,1648835424.652,8192
2343,1648835424.654,8192
2344,1648835424.656,8192
2345,1648835424.658,8192
2346,1648835424.66,8192
2347,1648835424.662,8192
2348,1648835424.664,8192
2349,1648835424.666,8192
2350,1648835424.668,8192
2351,1648835424.67,8192
2352,1648835424.672,8192
2353,1648835424.674,8192
2354,1648835424.676,8192
2355,1648835424.678,8192
2356,1648835424.68,8192
2357,1648835424.682,8192
2358,1648835424.684,8192
2359,1648835424.686,8192
2360,1648835424.688,8192
2361,1648835424.69,8192
2362,1648835424.692,8192
2363,1648835424.694,8192
2364,1648835424.696,8192
2365,1648835424.698,8192
2366,1648835424.7,8192
2367,1648835424.702,8192
2368,1648835424.704,8192
2369,1648835424.706,8192
2370,1648835424.708,8192
2371,1648835424.71,8192
2372,1648835424.712,8192
2373,1648835424.714,8192
2374,1648835424.716,8192
2375,1648835424.718,8192
2376,1648835424.72,8192
2377,1648835424.722,8192
2378,1648835424.724,8192
2379,1648835424.726,8192
2380,1648835424.728,8192
2381,1648835424.73,8192
2382,1648835424.732,8192
2383,1648835424.734,8192
2384,1648835424.736,8192
2385,1648835424.738,8192
2386,1648835424.74,8192
2387,1648835424.742,8192
2388,1648835424.744,8192
2389,1648835424.746,8192
2390,1648835424.748,8192
2391,1648835424.75,8192
2392,1648835424.752,8192
2393,1648835424.754,8192
2394,1648835424.756,8192
2395,1648835424.758,8192
2396,1648835424.76,8192
2397,1648835424.762,8192
2398,1648835424.764,8192
2399,1648835424.766,8192
2400,1648835424.768,8192
2401,1648835424.77,8192
2402,1648835424.772,8192
2403,1648835424.774,8192
2404,1648835424.776,8192
2405,1648835424.778,8192
2406,1648835424.78,8192
2407,1648835424.782,8192
2408,1648835424.784,8192
2409,1648835424.786,8192
2410,1648835424.788,8192
2411,1648835424.79,8192
2412,1648835424.792,8192
2413,1648835424.794,8192
2414,1648835424.796,8192
2415,1648835424.798,8192
2416,1648835424.8,8192
2417,1648835424.802,8192
2418,1648835424.804,8192
2419,1648835424.806,8192
2420,1648835424.808,8192
2421,1648835424.81,8192
2422,1648835424.812,8192
2423,1648835424.814,8192
2424,1648835424.816,8192
2425,1648835424.818,8192
2426,1648835424.82,8192
2427,1648835424.822,8192
2428,1648835424.824,8192
2429,1648835424.826,8192
2430,1648835424.828,8192
2431,1648835424.83,8192
2432,1648835424.832,8192
2433,1648835424.834,8192
2434,1648835424.836,8192
2435,1648835424.838,8192
2436,1648835424.84,8192
2437,1648835424.842,8192
2438,1648835424.844,8192
2439,1648835424.846,8192
2440,1648835424.848,8192
2441,1648835424.85,8192
2442,1648835424.852,8192
2443,1648835424.854,8192
2444,1648835424.856,8192
2445,1648835424.858,8192
2446,1648835424.86,8192
2447,1648835424.862,8192
2448,1648835424.864,8192
2449,1648835424.866,8192
2450,1648835424.868,8192
2451,1648835424.87,8192
2452,1648835424.872,8192
2453,1648835424.874,8192
2454,1648835424.876,8192
2455,1648835424.878,8192
2456,1648835424.88,8192
2457,1648835424.882,8192
2458,1648835424.884,8192
2459,1648835424.886,8192
2460,1648835424.888,8192
2461,1648835424.89,8192
2462,1648835424.892,8192
2463,1648835424.894,8192
2464,1648835424.896,8192
2465,1648835424.898,8192
2466,1648835424.9,8192
2467,1648835424.902,8192
2468,1648835424.904,8192
2469,1648835424.906,8192
2470,1648835424.908,8192
2471,1648835424.91,8192
2472,1648835424.912,8192
2473,1648835424.914,8192
2474,1648835424.916,8192
2475,1648835424.918,8192
2476,1648835424.92,8192
2477,1648835424.922,8192
2478,1648835424.924,8192
2479,1648835424.926,8192
2480,1648835424.928,8192
2481,1648835424.93,8192
2482,1648835424.932,8192
2483,1648835424.934,8192
2484,1648835424.936,8192
2485,1648835424.938,8192
2486,1648835424.94,8192
2487,1648835424.942,8192
2488,1648835424.944,8192
2489,1648835424.946,8192
2490,1648835424.948,8192
2491,1648835424.95,8192
2492,1648835424.952,8192
2493,1648835424.954,8192
2494,1648835424.956,8192
2495,1648835424.958,8192
2496,1648835424.96,8192
2497,1648835424.962,8192
2498,1648835424.964,8192
2499,1648835424.966,8192
2500,1648835424.968,8192
2501,1648835424.97,8192
2502,1648835424.972,8192
2503,1648835424.974,8192
2504,1648835424.976,8192
2505,1648835424.978,8192
2506,1648835424.98,8192
2507,1648835424.982,8192
2508,1648835424.984,8192
2509,1648835424.986,8192
2510,1648835424.988,8192
2511,1648835424.99,8192
2512,1648835424.992,8192
2513,1648835424.994,8192
2514,1648835424.996,8192
2515,1648835424.998,8192
2516,1648835425.0,8192
2517,1648835425.002,8192
2518,1648835425.004,8192
2519,1648835425.006,8192
2520,1648835425.008,8192
2521,1648835425.01,8192
2522,1648835425.012,8192
2523,1648835425.014,8192
2524,1648835425.016,8192
2525,1648835425.018,8192
2526,1648835425.02,8192
2527,1648835425.022,8192
2528,1648835425.024,8192
2529,1648835425.026,8192
2530,1648835425.028,8192
2531,1648835425.03,8192
2532,1648835425.032,8192
2533,1648835425.034,8192
2534,1648835425.036,8192
2535,1648835425.038,8192
2536,1648835425.04,8192
2537,1648835425.042,8192
2538,1648835425.044,8192
2539,1648835425.046,8192
2540,1648835425.048,8192
2541,1648835425.05,8192
2542,1648835425.052,8192
2543,1648835425.054,8192
2544,1648835425.056,8192
2545,1648835425.058,8192
2546,1648835425.06,8192
2547,1648835425.062,8192
2548,1648835425.064,8192
2549,1648835425.066,8192
2550,1648835425.068,8192
2551,1648835425.07,8192
2552,1648835425.072,8192
2553,1648835425.074,8192
2554,1648835425.076,8192
2555,1648835425.078,8192
2556,1648835425.08,8192
2557,1648835425.082,8192
2558,1648835425.084,8192
2559,1648835425.086,8192
2560,1648835425.088,8192
2561,1648835425.09,8192
2562,1648835425.092,8192
2563,1648835425.094,8192
2564,1648835425.096,8192
2565,1648835425.098,8192
2566,1648835425.1,8192
2567,1648835425.102,8192
2568,1648835425.104,8192
2569,1648835425.106,8192
2570,1648835425.108,8192
2571,1648835425.11,8192
2572,1648835425.112,8192
2573,1648835425.114,8192
2574,1648835425.116,8192
2575,1648835425.118,8192
2576,1648835425.12,8192
2577,1648835425.122,8192
2578,1648835425.124,8192
2579,1648835425.126,8192
2580,1648835425.128,8192
2581,1648835425.13,8192
2582,1648835425.132,8192
2583,1648835425.134,8192
2584,1648835425.136,8192
2585,1648835425.138,8192
2586,1648835425.14,8192
2587,1648835425.142,8192
2588,1648835425.144,8192
2589,1648835425.146,8192
2590,1648835425.148,8192
2591,1648835425.15,8192
2592,1648835425.152,8192
2593,1648835425.154,8192
2594,1648835425.156,8192
2595,1648835425.158,8192
2596,1648835425.16,8192
2597,1648835425.162,8192
2598,1648835425.164,8192
2599,1648835425.166,8192
2600,1648835425.168,8192
2601,1648835425.17,8192
2602,1648835425.172,8192
2603,1648835425.174,8192
2604,1648835425.176,8192
2605,1648835425.178,8192
2606,1648835425.18,8192
2607,1648835425.182,8192
2608,1648835425.184,8192
2609,1648835425.186,8192
2610,1648835425.188,8192
2611,1648835425.19,8192
2612,1648835425.192,8192
2613,1648835425.194,8192
2614,1648835425.196,8192
2615,1648835425.198,8192
2616,1648835425.2,8192
2617,1648835425.202,8192
2618,1648835425.204,8192
2619,1648835425.206,8192
2620,1648835425.208,8192
2621,1648835425.21,8192
2622,1648835425.212,8192
2623,1648835425.214,8192
2624,1648835425.216,8192
2625,1648835425.218,8192
2626,1648835425.22,8192
2627,1648835425.222,8192
2628,1648835425.224,8192
2629,1648835425.226,8192
2630,1648835425.228,8192
2631,1648835425.23,8192
2632,1648835425.232,8192
2633,1648835425.234,8192
2634,1648835425.236,8192
2635,1648835425.238,8192
2636,1648835425.24,8192
2637,1648835425.242,8192
2638,1648835425.244,8192
2639,1648835425.246,8192
2640,1648835425.248,8192
2641,1648835425.25,8192
2642,1648835425.252,8192
2643,1648835425.254,8192
2644,1648835425.256,8192
2645,1648835425.258,8192
2646,1648835425.26,8192
2647,1648835425.262,8192
2648,1648835425.264,8192
2649,1648835425.266,8192
2650,1648835425.268,8192
2651,1648835425.27,8192
2652,1648835425.272,8192
2653,1648835425.274,8192
2654,1648835425.276,8192
2655,1648835425.278,8192
2656,1648835425.28,8192
2657,1648835425.282,8192
2658,1648835425.284,8192
2659,1648835425.286,8192
2660,1648835425.288,8192
2661,1648835425.29,8192
2662,1648835425.292,8192
2663,1648835425.294,8192
2664,1648835425.296,8192
2665,1648835425.298,8192
2666,1648835425.3,8192
2667,1648835425.302,8192
2668,1648835425.304,8192
2669,1648835425.306,8192
2670,1648835425.308,8192
2671,1648835425.31,8192
2672,1648835425.312,8192
2673,1648835425.314,8192
2674,1648835425.316,8192
2675,1648835425.318,8192
2676,1648835425.32,8192
2677,1648835425.322,8192
2678,1648835425.324,8192
2679,1648835425.326,8192
2680,1648835425.328,8192
2681,1648835425.33,8192
2682,1648835425.332,8192
2683,1648835425.334,8192
2684,1648835425.336,8192
2685,1648835425.338,8192
2686,1648835425.34,8192
2687,1648835425.342,8192
2688,1648835425.344,8192
2689,1648835425.346,8192
2690,1648835425.348,8192
2691,1648835425.35,8192
2692,1648835425.352,8192
2693,1648835425.354,8192
2694,1648835425.356,8192
2695,1648835425.358,8192
2696,1648835425.36,8192
2697,1648835425.362,8192
2698,1648835425.364,8192
2699,1648835425.366,8192
2700,1648835425.368,8192
2701,1648835425.37,8192
2702,1648835425.372,8192
2703,1648835425.374,8192
2704,1648835425.376,8192
2705,1648835425.378,8192
2706,1648835425.38,8192
2707,1648835425.382,8192
2708,1648835425.384,8192
2709,1648835425.386,8192
2710,1648835425.388,8192
2711,1648835425.39,8192
2712,1648835425.392,8192
2713,1648835425.394,8192
2714,1648835425.396,8192
2715,1648835425.398,8192
2716,1648835425.4,8192
2717,1648835425.402,8192
2718,1648835425.404,8192
2719,1648835425.406,8192
2720,1648835425.408,8192
2721,1648835425.41,8192
2722,1648835425.412,8192
2723,1648835425.414,8192
2724,1648835425.416,8192
2725,1648835425.418,8192
2726,1648835425.42,8192
2727,1648835425.422,8192
2728,1648835425.424,8192
2729,1648835425.426,8192
2730,1648835425.428,8192
2731,1648835425.43,8192
2732,1648835425.432,8192
2733,1648835425.434,8192
2734,1648835425.436,8192
2735,1648835425.438,8192
2736,1648835425.44,8192
2737,1648835425.442,8192
2738,1648835425.444,8192
2739,1648835425.446,8192
2740,1648835425.448,8192
2741,1648835425.45,8192
2742,1648835425.452,8192
2743,1648835425.454,8192
2744,1648835425.456,8192
2745,1648835425.458,8192
2746,1648835425.46,8192
2747,1648835425.462,8192
2748,1648835425.464,8192
2749,1648835425.466,8192
2750,1648835425.468,8192
2751,1648835425.47,8192
2752,1648835425.472,8192
2753,1648835425.474,8192
2754,1648835425.476,8192
2755,1648835425.478,8192
2756,1648835425.48,8192
2757,1648835425.482,8192
2758,1648835425.484,8192
2759,1648835425.486,8192
2760,1648835425.488,8192
2761,1648835425.49,8192
2762,1648835425.492,8192
2763,1648835425.494,8192
2764,1648835425.496,8192
2765,1648835425.498,8192
2766,1648835425.5,8192
2767,1648835425.502,8192
2768,1648835425.504,8192
2769,1648835425.506,8192
2770,1648835425.508,8192
2771,1648835425.51,8192
2772,1648835425.512,8192
2773,1648835425.514,8192
2774,1648835425.516,8192
2775,1648835425.518,8192
2776,1648835425.52,8192
2777,1648835425.522,8192
2778,1648835425.524,8192
2779,1648835425.526,8192
2780,1648835425.528,8192
2781,1648835425.53,8192
2782,1648835425.532,8192
2783,1648835425.534,8192
2784,1648835425.536,8192
2785,1648835425.538,8192
2786,1648835425.54,8192
2787,1648835425.542,8192
2788,1648835425.544,8192
2789,1648835425.546,8192
2790,1648835425.548,8192
2791,1648835425.55,8192
2792,1648835425.552,8192
2793,1648835425.554,8192
2794,1648835425.556,8192
2795,1648835425.558,8192
2796,1648835425.56,8192
2797,1648835425.562,8192
2798,1648835425.564,8192
2799,1648835425.566,8192
2800,1648835425.568,8192
2801,1648835425.57,8192
2802,1648835425.572,8192
2803,1648835425.574,8192
2804,1648835425.576,8192
2805,1648835425.578,8192
2806,1648835425.58,8192
2807,1648835425.582,8192
2808,1648835425.584,8192
2809,1648835425.586,8192
2810,1648835425.588,8192
2811,1648835425.59,8192
2812,1648835425.592,8192
2813,1648835425.594,8192
2814,1648835425.596,8192
2815,1648835425.598,8192
2816,1648835425.6,8192
2817,1648835425.602,8192
2818,1648835425.604,8192
2819,1648835425.606,8192
2820,1648835425.608,8192
2821,1648835425.61,8192
2822,1648835425.612,8192
2823,1648835425.614,8192
2824,1648835425.616,8192
2825,1648835425.618,8192
2826,1648835425.62,8192
2827,1648835425.622,8192
2828,1648835425.624,8192
2829,1648835425.626,8192
2830,1648835425.628,8192
2831,1648835425.63,8192
2832,1648835425.632,8192
2833,1648835425.634,8192
2834,1648835425.636,8192
2835,1648835425.638,8192
2836,1648835425.64,8192
2837,1648835425.642,8192
2838,1648835425.644,8192
2839,1648835425.646,8192
2840,1648835425.648,8192
2841,1648835425.65,8192
2842,1648835425.652,8192
2843,1648835425.654,8192
2844,1648835425.656,8192
2845,1648835425.658,8192
2846,1648835425.66,8192
2847,1648835425.662,8192
2848,1648835425.664,8192
2849,1648835425.666,8192
2850,1648835425.668,8192
2851,1648835425.67,8192
2852,1648835425.672,8192
2853,1648835425.674,8192
2854,1648835425.676,8192
2855,1648835425.678,8192
2856,1648835425.68,8192
2857,1648835425.682,8192
2858,1648835425.684,8192
2859,1648835425.686,8192
2860,1648835425.688,8192
2861,1648835425.69,8192
2862,1648835425.692,8192
2863,1648835425.694,8192
2864,1648835425.696,8192
2865,1648835425.698,8192
2866,1648835425.7,8192
2867,1648835425.702,8192
2868,1648835425.704,8192
2869,1648835425.706,8192
2870,1648835425.708,8192
2871,1648835425.71,8192
2872,1648835425.712,8192
2873,1648835425.714,8192
2874,1648835425.716,8192
2875,1648835425.718,8192
2876,1648835425.72,8192
2877,1648835425.722,8192
2878,1648835425.724,8192
2879,1648835425.726,8192
2880,1648835425.728,8192
2881,1648835425.73,8192
2882,1648835425.732,8192
2883,1648835425.734,8192
2884,1648835425.736,8192
2885,1648835425.738,8192
2886,1648835425.74,8192
2887,1648835425.742,8192
2888,1648835425.744,8192
2889,1648835425.746,8192
2890,1648835425.748,8192
2891,1648835425.75,8192
2892,1648835425.752,8192
2893,1648835425.754,8192
2894,1648835425.756,8192
2895,1648835425.758,8192
2896,1648835425.76,8192
2897,1648835425.762,8192
2898,1648835425.764,8192
2899,1648835425.766,8192
2900,1648835425.768,8192
2901,1648835425.77,8192
2902,1648835425.772,8192
2903,1648835425.774,8192
2904,1648835425.776,8192
2905,1648835425.778,8192
2906,1648835425.78,8192
2907,1648835425.782,8192
2908,1648835425.784,8192
2909,1648835425.786,8192
2910,1648835425.788,8192
2911,1648835425.79,8192
2912,1648835425.792,8192
2913,1648835425.794,8192
2914,1648835425.796,8192
2915,1648835425.798,8192
2916,1648835425.8,8192
2917,1648835425.802,8192
2918,1648835425.804,8192
2919,1648835425.806,8192
2920,1648835425.808,8192
2921,1648835425.81,8192
2922,1648835425.812,8192
2923,1648835425.814,8192
2924,1648835425.816,8192
2925,1648835425.818,8192
2926,1648835425.82,8192
2927,1648835425.822,8192
2928,1648835425.824,8192
2929,1648835425.826,8192
2930,1648835425.828,8192
2931,1648835425.83,8192
2932,1648835425.832,8192
2933,1648835425.834,8192
2934,1648835425.836,8192
2935,1648835425.838,8192
2936,1648835425.84,8192
2937,1648835425.842,8192
2938,1648835425.844,8192
2939,1648835425.846,8192
2940,1648835425.848,8192
2941,1648835425.85,8192
2942,1648835425.852,8192
2943,1648835425.854,8192
2944,1648835425.856,8192
2945,1648835425.858,8192
2946,1648835425.86,8192
2947,1648835425.862,8192
2948,1648835425.864,8192
2949,1648835425.866,8192
2950,1648835425.868,8192
2951,1648835425.87,8192
2952,1648835425.872,8192
2953,1648835425.874,8192
2954,1648835425.876,8192
2955,1648835425.878,8192
2956,1648835425.88,8192
2957,1648835425.882,8192
2958,1648835425.884,8192
2959,1648835425.886,8192
2960,1648835425.888,8192
2961,1648835425.89,8192
2962,1648835425.892,8192
2963,1648835425.894,8192
2964,1648835425.896,8192
2965,1648835425.898,8192
2966,1648835425.9,8192
2967,1648835425.902,8192
2968,1648835425.904,8192
2969,1648835425.906,8192
2970,1648835425.908,8192
2971,1648835425.91,8192
2972,1648835425.912,8192
2973,1648835425.914,8192
2974,1648835425.916,8192
2975,1648835425.918,8192
2976,1648835425.92,8192
2977,1648835425.922,8192
2978,1648835425.924,8192
2979,1648835425.926,8192
2980,1648835425.928,8192
2981,1648835425.93,8192
2982,1648835425.932,8192
2983,1648835425.934,8192
2984,1648835425.936,8192
2985,1648835425.938,8192
2986,1648835425.94,8192
2987,1648835425.942,8192
2988,1648835425.944,8192
2989,1648835425.946,8192
2990,1648835425.948,8192
2991,1648835425.95,8192
2992,1648835425.952,8192
2993,1648835425.954,8192
2994,1648835425.956,8192
2995,1648835425.958,8192
2996,1648835425.96,8192
2997,1648835425.962,8192
2998,1648835425.964,8192
2999,1648835425.966,8192
3000,1648835425.968,8192
3001,1648835425.97,8192
3002,1648835425.972,8192
3003,1648835425.974,8192
3004,1648835425.976,8192
3005,1648835425.978,8192
3006,1648835425.98,8192
3007,1648835425.982,8192
3008,1648835425.984,8192
3009,1648835425.986,8192
3010,1648835425.988,8192
3011,1648835425.99,8192
3012,1648835425.992,8192
3013,1648835425.994,8192
3014,1648835425.996,8192
3015,1648835425.998,8192
3016,1648835426.0,8192
3017,1648835426.002,8192
3018,1648835426.004,8192
3019,1648835426.006,8192
3020,1648835426.008,8192
3021,1648835426.01,8192
3022,1648835426.012,8192
3023,1648835426.014,8192
3024,1648835426.016,8192
3025,1648835426.018,8192
3026,1648835426.02,8192
3027,1648835426.022,8192
3028,1648835426.024,8192
3029,1648835426.026,8192
3030,1648835426.028,8192
3031,1648835426.03,8192
3032,1648835426.032,8192
3033,1648835426.034,8192
3034,1648835426.036,8192
3035,1648835426.038,8192
3036,1648835426.04,8192
3037,1648835426.042,8192
3038,1648835426.044,8192
3039,1648835426.046,8192
3040,1648835426.048,8192
3041,1648835426.05,8192
3042,1648835426.052,8192
3043,1648835426.054,8192
3044,1648835426.056,8192
3045,1648835426.058,8192
3046,1648835426.06,8192
3047,1648835426.062,8192
3048,1648835426.064,8192
3049,1648835426.066,8192
3050,1648835426.068,8192
3051,1648835426.07,8192
3052,1648835426.072,8192
3053,1648835426.074,8192
3054,1648835426.076,8192
3055,1648835426.078,8192
3056,1648835426.08,8192
3057,1648835426.082,8192
3058,1648835426.084,8192
3059,1648835426.086,8192
3060,1648835426.088,8192
3061,1648835426.09,8192
3062,1648835426.092,8192
3063,1648835426.094,8192
3064,1648835426.096,8192
3065,1648835426.098,8192
3066,1648835426.1,8192
3067,1648835426.102,8192
3068,1648835426.104,8192
3069,1648835426.106,8192
3070,1648835426.108,8192
3071,1648835426.11,8192
3072,1648835426.112,8192
3073,1648835426.114,8192
3074,1648835426.116,8192
3075,1648835426.118,8192
3076,1648835426.12,8192
3077,1648835426.122,8192
3078,1648835426.124,8192
3079,1648835426.126,8192
3080,1648835426.128,8192
3081,1648835426.13,8192
3082,1648835426.132,8192
3083,1648835426.134,8192
3084,1648835426.136,8192
3085,1648835426.138,8192
3086,1648835426.14,8192
3087,1648835426.142,8192
3088,1648835426.144,8192
3089,1648835426.146,8192
3090,1648835426.148,8192
3091,1648835426.15,8192
3092,1648835426.152,8192
3093,1648835426.154,8192
3094,1648835426.156,8192
3095,1648835426.158,8192
3096,1648835426.16,8192
3097,1648835426.162,8192
3098,1648835426.164,8192
3099,1648835426.166,8192
3100,1648835426.168,8192
3101,1648835426.17,8192
3102,1648835426.172,8192
3103,1648835426.174,8192
3104,1648835426.176,8192
3105,1648835426.178,8192
3106,1648835426.18,8192
3107,1648835426.182,8192
3108,1648835426.184,8192
3109,1648835426.186,8192
3110,1648835426.188,8192
3111,1648835426.19,8192
3112,1648835426.192,8192
3113,1648835426.194,8192
3114,1648835426.196,8192
3115,1648835426.198,8192
3116,1648835426.2,8192
3117,1648835426.202,8192
3118,1648835426.204,8192
3119,1648835426.206,8192
3120,1648835426.208,8192
3121,1648835426.21,8192
3122,1648835426.212,8192
3123,1648835426.214,8192
3124,1648835426.216,8192
3125,1648835426.218,8192
3126,1648835426.22,8192
3127,1648835426.222,8192
3128,1648835426.224,8192
3129,1648835426.226,8192
3130,1648835426.228,8192
3131,1648835426.23,8192
3132,1648835426.232,8192
3133,1648835426.234,8192
3134,1648835426.236,8192
3135,1648835426.238,8192
3136,1648835426.24,8192
3137,1648835426.242,8192
3138,1648835426.244,8192
3139,1648835426.246,8192
3140,1648835426.248,8192
3141,1648835426.25,8192
3142,1648835426.252,8192
3143,1648835426.254,8192
3144,1648835426.256,8192
3145,1648835426.258,8192
3146,1648835426.26,8192
3147,1648835426.262,8192
3148,1648835426.264,8192
3149,1648835426.266,8192
3150,1648835426.268,8192
3151,1648835426.27,8192
3152,1648835426.272,8192
3153,1648835426.274,8192
3154,1648835426.276,8192
3155,1648835426.278,8192
3156,1648835426.28,8192
3157,1648835426.282,8192
3158,1648835426.284,8192
3159,1648835426.286,8192
3160,1648835426.288,8192
3161,1648835426.29,8192
3162,1648835426.292,8192
3163,1648835426.294,8192
3164,1648835426.296,8192
3165,1648835426.298,8192
3166,1648835426.3,8192
3167,1648835426.302,8192
3168,1648835426.304,8192
3169,1648835426.306,8192
3170,1648835426.308,8192
3171,1648835426.31,8192
3172,1648835426.312,8192
3173,1648835426.314,8192
3174,1648835426.316,8192
3175,1648835426.318,8192
3176,1648835426.32,8192
3177,1648835426.322,8192
3178,1648835426.324,8192
3179,1648835426.326,8192
3180,1648835426.328,8192
3181,1648835426.33,8192
3182,1648835426.332,8192
3183,1648835426.334,8192
3184,1648835426.336,8192
3185,1648835426.338,8192
3186,1648835426.34,8192
3187,1648835426.342,8192
3188,1648835426.344,8192
3189,1648835426.346,8192
3190,1648835426.348,8192
3191,1648835426.35,8192
3192,1648835426.352,8192
3193,1648835426.354,8192
3194,1648835426.356,8192
3195,1648835426.358,8192
3196,1648835426.36,8192
3197,1648835426.362,8192
3198,1648835426.364,8192
3199,1648835426.366,8192
3200,1648835426.368,8192
3201,1648835426.37,8192
3202,1648835426.372,8192
3203,1648835426.374,8192
3204,1648835426.376,8192
3205,1648835426.378,8192
3206,1648835426.38,8192
3207,1648835426.382,8192
3208,1648835426.384,8192
3209,1648835426.386,8192
3210,1648835426.388,8192
3211,1648835426.39,8192
3212,1648835426.392,8192
3213,1648835426.394,8192
3214,1648835426.396,8192
3215,1648835426.398,8192
3216,1648835426.4,8192
3217,1648835426.402,8192
3218,1648835426.404,8192
3219,1648835426.406,8192
3220,1648835426.408,8192
3221,1648835426.41,8192
3222,1648835426.412,8192
3223,1648835426.414,8192
3224,1648835426.416,8192
3225,1648835426.418,8192
3226,1648835426.42,8192
3227,1648835426.422,8192
3228,1648835426.424,8192
3229,1648835426.426,8192
3230,1648835426.428,8192
3231,1648835426.43,8192
3232,1648835426.432,8192
3233,1648835426.434,8192
3234,1648835426.436,8192
3235,1648835426.438,8192
3236,1648835426.44,8192
3237,1648835426.442,8192
3238,1648835426.444,8192
3239,1648835426.446,8192
3240,1648835426.448,8192
3241,1648835426.45,8192
3242,1648835426.452,8192
3243,1648835426.454,8192
3244,1648835426.456,8192
3245,1648835426.458,8192
3246,1648835426.46,8192
3247,1648835426.462,8192
3248,1648835426.464,8192
3249,1648835426.466,8192
3250,1648835426.468,8192
3251,1648835426.47,8192
3252,1648835426.472,8192
3253,1648835426.474,8192
3254,1648835426.476,8192
3255,1648835426.478,8192
3256,1648835426.48,8192
3257,1648835426.482,8192
3258,1648835426.484,8192
3259,1648835426.486,8192
3260,1648835426.488,8192
3261,1648835426.49,8192
3262,1648835426.492,8192
3263,1648835426.494,8192
3264,1648835426.496,8192
3265,1648835426.498,8192
3266,1648835426.5,8192
3267,1648835426.502,8192
3268,1648835426.504,8192
3269,1648835426.506,8192
3270,1648835426.508,8192
3271,1648835426.51,8192
3272,1648835426.512,8192
3273,1648835426.514,8192
3274,1648835426.516,8192
3275,1648835426.518,8192
3276,1648835426.52,8192
3277,1648835426.522,8192
3278,1648835426.524,8192
3279,1648835426.526,8192
3280,1648835426.528,8192
3281,1648835426.53,8192
3282,1648835426.532,8192
3283,1648835426.534,8192
3284,1648835426.536,8192
3285,1648835426.538,8192
3286,1648835426.54,8192
3287,1648835426.542,8192
3288,1648835426.544,8192
3289,1648835426.546,8192
3290,1648835426.548,8192
3291,1648835426.55,8192
3292,1648835426.552,8192
3293,1648835426.554,8192
3294,1648835426.556,8192
3295,1648835426.558,8192
3296,1648835426.56,8192
3297,1648835426.562,8192
3298,1648835426.564,8192
3299,1648835426.566,8192
3300,1648835426.568,8192
3301,1648835426.57,8192
3302,1648835426.572,8192
3303,1648835426.574,8192
3304,1648835426.576,8192
3305,1648835426.578,8192
3306,1648835426.58,8192
3307,1648835426.582,8192
3308,1648835426.584,8192
3309,1648835426.586,8192
3310,1648835426.588,8192
3311,1648835426.59,8192
3312,1648835426.592,8192
3313,1648835426.594,8192
3314,1648835426.596,8192
3315,1648835426.598,8192
3316,1648835426.6,8192
3317,1648835426.602,8192
3318,1648835426.604,8192
3319,1648835426.606,8192
3320,1648835426.608,8192
3321,1648835426.61,8192
3322,1648835426.612,8192
3323,1648835426.614,8192
3324,1648835426.616,8192
3325,1648835426.618,8192
3326,1648835426.62,8192
3327,1648835426.622,8192
3328,1648835426.624,8192
3329,1648835426.626,8192
3330,1648835426.628,8192
3331,1648835426.63,8192
3332,1648835426.632,8192
3333,1648835426.634,8192
3334,1648835426.636,8192
3335,1648835426.638,8192
3336,1648835426.64,8192
3337,1648835426.642,8192
3338,1648835426.644,8192
3339,1648835426.646,8192
3340,1648835426.648,8192
3341,1648835426.65,8192
3342,1648835426.652,8192
3343,1648835426.654,8192
3344,1648835426.656,8192
3345,1648835426.658,8192
3346,1648835426.66,8192
3347,1648835426.662,8192
3348,1648835426.664,8192
3349,1648835426.666,8192
3350,1648835426.668,8192
3351,1648835426.67,8192
3352,1648835426.672,8192
3353,1648835426.674,8192
3354,1648835426.676,8192
3355,1648835426.678,8192
3356,1648835426.68,8192
3357,1648835426.682,8192
3358,1648835426.684,8192
3359,1648835426.686,8192
3360,1648835426.688,8192
3361,1648835426.69,8192
3362,1648835426.692,8192
3363,1648835426.694,8192
3364,1648835426.696,8192
3365,1648835426.698,8192
3366,1648835426.7,8192
3367,1648835426.702,8192
3368,1648835426.704,8192
3369,1648835426.706,8192
3370,1648835426.708,8192
3371,1648835426.71,8192
3372,1648835426.712,8192
3373,1648835426.714,8192
3374,1648835426.716,8192
3375,1648835426.718,8192
3376,1648835426.72,8192
3377,1648835426.722,8192
3378,1648835426.724,8192
3379,1648835426.726,8192
3380,1648835426.728,8192
3381,1648835426.73,8192
3382,1648835426.732,8192
3383,1648835426.734,8192
3384,1648835426.736,8192
3385,1648835426.738,8192
3386,1648835426.74,8192
3387,1648835426.742,8192
3388,1648835426.744,8192
3389,1648835426.746,8192
3390,1648835426.748,8192
3391,1648835426.75,8192
3392,1648835426.752,8192
3393,1648835426.754,8192
3394,1648835426.756,8192
3395,1648835426.758,8192
3396,1648835426.76,8192
3397,1648835426.762,8192
3398,1648835426.764,8192
3399,1648835426.766,8192
3400,1648835426.768,8192
3401,1648835426.77,8192
3402,1648835426.772,8192
3403,1648835426.774,8192
3404,1648835426.776,8192
3405,1648835426.778,8192
3406,1648835426.78,8192
3407,1648835426.782,8192
3408,1648835426.784,8192
3409,1648835426.786,8192
3410,1648835426.788,8192
3411,1648835426.79,8192
3412,1648835426.792,8192
3413,1648835426.794,8192
3414,1648835426.796,8192
3415,1648835426.798,8192
3416,1648835426.8,8192
3417,1648835426.802,8192
3418,1648835426.804,8192
3419,1648835426.806,8192
3420,1648835426.808,8192
3421,1648835426.81,8192
3422,1648835426.812,8192
3423,1648835426.814,8192
3424,1648835426.816,8192
3425,1648835426.818,8192
3426,1648835426.82,8192
3427,1648835426.822,8192
3428,1648835426.824,8192
3429,1648835426.826,8192
3430,1648835426.828,8192
3431,1648835426.83,8192
3432,1648835426.832,8192
3433,1648835426.834,8192
3434,1648835426.836,8192
3435,1648835426.838,8192
3436,1648835426.84,8192
3437,1648835426.842,8192
3438,1648835426.844,8192
3439,1648835426.846,8192
3440,1648835426.848,8192
3441,1648835426.85,8192
3442,1648835426.852,8192
3443,1648835426.854,8192
3444,1648835426.856,8192
3445,1648835426.858,8192
3446,1648835426.86,8192
3447,1648835426.862,8192
3448,1648835426.864,8192
3449,1648835426.866,8192
3450,1648835426.868,8192
3451,1648835426.87,8192
3452,1648835426.872,8192
3453,1648835426.874,8192
3454,1648835426.876,8192
3455,1648835426.878,8192
